productive asset type,productive asset loss,text,primary_country,date_posted,format,url,NER_extracted_geolocation
 Not specified  , USD 0.0 billion    ,"The disaster impacted critical infrastructure and led to extensive loss of livelihoods: losses and damage to crops, food stocks, agricultural infrastructure and assets, and livestock production are estimated at USD 6.4 billion.nTwo months after the disaster, the combined effects of the destruction of workplaces, interruption of economic activities, loss of life, injuries, and internal displacement has still severely compromised the ability of households to meet their basic needs.",Türkiye,2023-06-07 13:22:55+00:00,Appeal,https://reliefweb.int/report/turkiye/revised-emergency-appeal-turkiye-europe-region-earthquakes-ndeg-mdrtr004-date-issue-07062023,
        Building      ,"       500,000+              ","More than half a million buildings have sustained damage, of which at more than 300,000 have either collapsed or been severely damaged.",Türkiye,2023-06-07 13:22:55+00:00,Appeal,https://reliefweb.int/report/turkiye/revised-emergency-appeal-turkiye-europe-region-earthquakes-ndeg-mdrtr004-date-issue-07062023,
          -           ,"         300,000+            ","More than half a million buildings have sustained damage, of which at more than 300,000 have either collapsed or been severely damaged.",Türkiye,2023-06-07 13:22:55+00:00,Appeal,https://reliefweb.int/report/turkiye/revised-emergency-appeal-turkiye-europe-region-earthquakes-ndeg-mdrtr004-date-issue-07062023,
 Crops                 , USD 2.5 billion                ,"The disaster impacted critical infrastructure and led to extensive loss of livelihoods: losses and damage to crops, food stocks, agricultural infrastructure and assets, and livestock production are estimated at USD 6.4 billion.nTwo months after the disaster, the combined effects of the destruction of workplaces, interruption of economic activities, loss of life, injuries, and internal displacement has still severely compromised the ability of households to meet their basic needs.",Türkiye,2023-06-07 13:22:55+00:00,Appeal,https://reliefweb.int/report/turkiye/revised-emergency-appeal-turkiye-europe-region-earthquakes-ndeg-mdrtr004-date-issue-07062023,
 Food stocks           , USD 1 billion                  ,"The disaster impacted critical infrastructure and led to extensive loss of livelihoods: losses and damage to crops, food stocks, agricultural infrastructure and assets, and livestock production are estimated at USD 6.4 billion.nTwo months after the disaster, the combined effects of the destruction of workplaces, interruption of economic activities, loss of life, injuries, and internal displacement has still severely compromised the ability of households to meet their basic needs.",Türkiye,2023-06-07 13:22:55+00:00,Appeal,https://reliefweb.int/report/turkiye/revised-emergency-appeal-turkiye-europe-region-earthquakes-ndeg-mdrtr004-date-issue-07062023,
 Agricultural infrastructure and assets, USD 1.7 billion,"The disaster impacted critical infrastructure and led to extensive loss of livelihoods: losses and damage to crops, food stocks, agricultural infrastructure and assets, and livestock production are estimated at USD 6.4 billion.nTwo months after the disaster, the combined effects of the destruction of workplaces, interruption of economic activities, loss of life, injuries, and internal displacement has still severely compromised the ability of households to meet their basic needs.",Türkiye,2023-06-07 13:22:55+00:00,Appeal,https://reliefweb.int/report/turkiye/revised-emergency-appeal-turkiye-europe-region-earthquakes-ndeg-mdrtr004-date-issue-07062023,
 Livestock production  , USD 1.2 billion                ,"The disaster impacted critical infrastructure and led to extensive loss of livelihoods: losses and damage to crops, food stocks, agricultural infrastructure and assets, and livestock production are estimated at USD 6.4 billion.nTwo months after the disaster, the combined effects of the destruction of workplaces, interruption of economic activities, loss of life, injuries, and internal displacement has still severely compromised the ability of households to meet their basic needs.",Türkiye,2023-06-07 13:22:55+00:00,Appeal,https://reliefweb.int/report/turkiye/revised-emergency-appeal-turkiye-europe-region-earthquakes-ndeg-mdrtr004-date-issue-07062023,
 Buildings ," 500,000 ","More than half a million buildings have sustained damage, of which at least 298,000 have either collapsed or been severely damaged.",Türkiye,2023-06-03 02:23:42+00:00,Appeal,https://reliefweb.int/report/turkiye/revised-emergency-appeal-turkiye-europe-region-earthquakes-ndeg-mdrtr004-date-issue-02062023,
 Buildings ," 298,000 ","More than half a million buildings have sustained damage, of which at least 298,000 have either collapsed or been severely damaged.",Türkiye,2023-06-03 02:23:42+00:00,Appeal,https://reliefweb.int/report/turkiye/revised-emergency-appeal-turkiye-europe-region-earthquakes-ndeg-mdrtr004-date-issue-02062023,
 Crops , USD 6.4 billion ,"The disaster impacted critical infrastructure and led to extensive loss of livelihoods: losses and damage to crops, food stocks, agricultural infrastructure and assets, and livestock production are estimated at USD 6.4 billion.",Türkiye,2023-06-03 02:23:42+00:00,Appeal,https://reliefweb.int/report/turkiye/revised-emergency-appeal-turkiye-europe-region-earthquakes-ndeg-mdrtr004-date-issue-02062023,
 Food stocks , USD 6.4 billion ,"The disaster impacted critical infrastructure and led to extensive loss of livelihoods: losses and damage to crops, food stocks, agricultural infrastructure and assets, and livestock production are estimated at USD 6.4 billion.",Türkiye,2023-06-03 02:23:42+00:00,Appeal,https://reliefweb.int/report/turkiye/revised-emergency-appeal-turkiye-europe-region-earthquakes-ndeg-mdrtr004-date-issue-02062023,
 Infrastructure and assets , USD 6.4 billion ,"The disaster impacted critical infrastructure and led to extensive loss of livelihoods: losses and damage to crops, food stocks, agricultural infrastructure and assets, and livestock production are estimated at USD 6.4 billion.",Türkiye,2023-06-03 02:23:42+00:00,Appeal,https://reliefweb.int/report/turkiye/revised-emergency-appeal-turkiye-europe-region-earthquakes-ndeg-mdrtr004-date-issue-02062023,
 Livestock , USD 6.4 billion ,"The disaster impacted critical infrastructure and led to extensive loss of livelihoods: losses and damage to crops, food stocks, agricultural infrastructure and assets, and livestock production are estimated at USD 6.4 billion.",Türkiye,2023-06-03 02:23:42+00:00,Appeal,https://reliefweb.int/report/turkiye/revised-emergency-appeal-turkiye-europe-region-earthquakes-ndeg-mdrtr004-date-issue-02062023,
       Building       ,"             298,000            ","A total of 9.1 million people were affected by the earthquakes, 3 million people were displaced, and 298,000 buildings were completely destroyed.",Türkiye,2023-06-02 09:46:41+00:00,Situation Report,https://reliefweb.int/report/turkiye/turkey-earthquake-emergency-situation-report-31052023,
 Cost of Living , USD 258.29 (April 2023) ,"The monthly minimum wage at SYP 92,970 (USD 18) could only afford seven percent of the April 2023 minimum cost of living, as such, many vulnerable households risk prolonged struggle to put food on the table.",Syria,2023-06-02 08:38:22+00:00,Situation Report,https://reliefweb.int/report/syrian-arab-republic/wfp-syria-market-price-watch-bulletin-april-2023,
 Monthly Minimum Wage ," SYP 92,970 (USD 18) ","The monthly minimum wage at SYP 92,970 (USD 18) could only afford seven percent of the April 2023 minimum cost of living, as such, many vulnerable households risk prolonged struggle to put food on the table.",Syria,2023-06-02 08:38:22+00:00,Situation Report,https://reliefweb.int/report/syrian-arab-republic/wfp-syria-market-price-watch-bulletin-april-2023,
 House , 75% ,"‘Our house is 75 per cent damaged,’ Hannah’s father says.",Türkiye,2023-05-24 14:34:22+00:00,News and Press Release,https://reliefweb.int/report/turkiye/salvation-army-partners-ngos-syria-and-turkey-earthquake-relief-and-recovery,
 Houses ," 500,000+ severely damaged or collapsed ","“While the news cycle and the emergency response teams have long moved on, Project HOPE remains committed to a long-term presence in the region and will continue to work alongside our local partners to support the community with health support, mental health services, and basic needs around shelter and sanitation.” There have been reports that estimate that more than 500,000 houses were either severely damaged or collapsed after the earthquakes.",Türkiye,2023-05-17 14:45:20+00:00,News and Press Release,https://reliefweb.int/report/turkiye/project-hope-remains-committed-long-term-earthquake-response-turkiye-and-syria,
          N/A         ,"       Died (25-50%), Injured (40-60%)       ","Between 25 and 50 percent of the key informants reported that animals had died and 40 to 60 percent reported that animals had been injured in the earthquake, mostly at a minor scale.",Syria,2023-05-17 11:19:50+00:00,Assessment,https://reliefweb.int/report/syrian-arab-republic/syria-arab-republic-post-earthquake-rapid-needs-assessment-agricultural-livelihoods-and-production-northwest-data-emergencies-impact-report-april-2023,
    Equipment           ,          80%           ,Over a third of the key informants reported damage to community-level agricultural structures and up to 80 percent reported damage to agricultural equipment in their village.,Syria,2023-05-17 11:19:50+00:00,Assessment,https://reliefweb.int/report/syrian-arab-republic/syria-arab-republic-post-earthquake-rapid-needs-assessment-agricultural-livelihoods-and-production-northwest-data-emergencies-impact-report-april-2023,
    Structures          ,          >33%          ,Over a third of the key informants reported damage to community-level agricultural structures and up to 80 percent reported damage to agricultural equipment in their village.,Syria,2023-05-17 11:19:50+00:00,Assessment,https://reliefweb.int/report/syrian-arab-republic/syria-arab-republic-post-earthquake-rapid-needs-assessment-agricultural-livelihoods-and-production-northwest-data-emergencies-impact-report-april-2023,
 Annual crops and orchard production , Over 80% decrease ,"As a result, over 80 percent of the respondents expected a decrease in annual crops and orchard production this season.",Syria,2023-05-17 11:19:50+00:00,Assessment,https://reliefweb.int/report/syrian-arab-republic/syria-arab-republic-post-earthquake-rapid-needs-assessment-agricultural-livelihoods-and-production-northwest-data-emergencies-impact-report-april-2023,
 Buildings , 313000 ,"More than 50,700 people were killed, 3.3 million displaced and over 313,000 buildings have been destroyed.",Türkiye,2023-05-15 20:10:08+00:00,News and Press Release,https://reliefweb.int/report/turkiye/100-days-later-view-turkiye-and-syria,
 Buildings ," 710,000 (heavy damage) "," According to AFAD data dated 12 April, there are 710,000 buildings with heavy damage, 180,000
buildings with medium damage and 1,800,000 buildings with light damage in the disaster area.",Türkiye,2023-05-12 09:25:20+00:00,Situation Report,https://reliefweb.int/report/turkiye/turkey-earthquake-emergency-situation-report-10052023,
 Buildings ," 180,000 (medium damage) "," According to AFAD data dated 12 April, there are 710,000 buildings with heavy damage, 180,000
buildings with medium damage and 1,800,000 buildings with light damage in the disaster area.",Türkiye,2023-05-12 09:25:20+00:00,Situation Report,https://reliefweb.int/report/turkiye/turkey-earthquake-emergency-situation-report-10052023,
 Buildings ," 1,800,000 (light damage) "," According to AFAD data dated 12 April, there are 710,000 buildings with heavy damage, 180,000
buildings with medium damage and 1,800,000 buildings with light damage in the disaster area.",Türkiye,2023-05-12 09:25:20+00:00,Situation Report,https://reliefweb.int/report/turkiye/turkey-earthquake-emergency-situation-report-10052023,
 N/A                  , 54.7 billion USD ,"It is estimated that more than 500,000 houses in Türkiye have been determined as requiring urgent demolition, collapsed, or severely damaged; while the economic damage for the houses impacted alone, is 54.7 billion USD.",Türkiye,2023-05-09 16:36:01+00:00,News and Press Release,https://reliefweb.int/report/turkiye/three-months-after-earthquakes-turkiye-and-northwest-syria-crises-persist,Türkiye
 Basket Expenditure    ," SYP 1,348,451 / USD 298         ","The Minimum Expenditure Basket for a household of five members reached SYP 1,348,451 (USD 298) in March 2023, marking an eighth consecutive monthly increase.",Syria,2023-05-02 10:07:18+00:00,Situation Report,https://reliefweb.int/report/syrian-arab-republic/wfp-syria-market-price-watch-bulletin-march-2023,
          -           ,     US$103.6 billion           ,"The Türkiye Earthquakes Recovery and Reconstruction Assessment (TERRA), an analysis of the disaster's financial impact conducted by the Turkish Government with support from UNDP, the UN, the EU and the World Bank, estimated the total damages and losses caused by the earthquakes at US$103.6 billion.",Türkiye,2023-04-28 11:44:15+00:00,News and Press Release,https://reliefweb.int/report/turkiye/undp-and-uk-join-forces-ease-waste-management-burden-earthquake-zone-entr,
 House Rents           , 16% increase                   ,"According to recent research by the Turkish Housing Sector Group, house rents in Turkey increased by 16 per cent on average following the earthquakes.",Türkiye,2023-04-28 09:32:30+00:00,Situation Report,https://reliefweb.int/report/turkiye/turkey-earthquake-emergency-situation-report-26042023,Türkiye
 Diesel oil            , 20 liters                                      ,"They put us on the ground, stomped on both my hands … they even stomped on my genitals with their boots … and [they] poured 20 liters of diesel oil from the steel can [on me].",Türkiye,2023-04-27 04:30:04+00:00,News and Press Release,https://reliefweb.int/report/turkiye/turkish-border-guards-torture-kill-syrians-enarkutr,
 Buildings ," 7,400 (partially/fully destroyed) ","More than 7,400 buildings have been completely or partially destroyed.",Türkiye,2023-04-25 18:37:21+00:00,Situation Report,https://reliefweb.int/report/turkiye/unfpa-turkiyesyria-earthquake-joint-situation-report-3-20-april-2023,
 Buildings ," 307,000 ","To date, there have been more than 22 500 aftershocks, and nearly 307 000 buildings and 893 000 independent units were damaged throughout the region.",Türkiye,2023-04-21 17:01:18+00:00,Situation Report,https://reliefweb.int/report/turkiye/turkiye-earthquake-external-situation-report-no-7-3-16-april-2023,
 Independent Units ," 893,000 ","To date, there have been more than 22 500 aftershocks, and nearly 307 000 buildings and 893 000 independent units were damaged throughout the region.",Türkiye,2023-04-21 17:01:18+00:00,Situation Report,https://reliefweb.int/report/turkiye/turkiye-earthquake-external-situation-report-no-7-3-16-april-2023,
 Tents                ," 1,600 destroyed or damaged    ","At least 42 IDP sites in Syria are affected, with floods destroying or damaging more than 1,600 tents sheltering some 7,500 internally displaced people (IDPs).",Syria,2023-04-20 16:55:44+00:00,Situation Report,https://reliefweb.int/report/syrian-arab-republic/syria-mena-syria-earthquakes-operation-update-1-no-mdrsy009,Syria
 Buildings              ," 200,000                        ","Two months since the devastating earthquake struck Türkiye, the full scale of the disaster is difficult to grasp – more than 50,000 lives lost, more than 200,000 buildings destroyed and millions of people displaced.",Türkiye,2023-04-20 01:35:10+00:00,News and Press Release,https://reliefweb.int/report/turkiye/connecting-communities-navigating-information-gaps-and-community-trust-post-earthquake-turkiye,Türkiye
 Health centres       ,              11                ,"In addition to refugee homes, the earthquake also damaged 11 UNRWA installations, including health centres and schools.",Syria,2023-04-14 23:37:54+00:00,Situation Report,https://reliefweb.int/report/syrian-arab-republic/unrwa-syria-earthquake-response-situation-report-24-13-april-2023,
 Schools              ,              11                ,"In addition to refugee homes, the earthquake also damaged 11 UNRWA installations, including health centres and schools.",Syria,2023-04-14 23:37:54+00:00,Situation Report,https://reliefweb.int/report/syrian-arab-republic/unrwa-syria-earthquake-response-situation-report-24-13-april-2023,
            -           ,         104 Billion USD        ,The monetary damage of the earthquake was announced as 104 Billion Dollars by official sources.,Türkiye,2023-04-14 12:36:32+00:00,Situation Report,https://reliefweb.int/report/turkiye/devastating-earthquakes-southern-turkiye-and-northern-syria-april-13th-2023-situation-report-21-entr,
   MEB                 ,    3% increase    ,"Between February and March, the MEB cost increased by 3% and it reached TRY 1578 per person and for a 5-people household the cost is TRY 7889.",Türkiye,2023-04-14 06:11:59+00:00,Assessment,https://reliefweb.int/report/turkiye/minimum-expenditure-basket-after-earthquake-disaster-turkiye-april-2023,
   MEB                 ,TRY 7889 (5-people household cost)   ,"Between February and March, the MEB cost increased by 3% and it reached TRY 1578 per person and for a 5-people household the cost is TRY 7889.",Türkiye,2023-04-14 06:11:59+00:00,Assessment,https://reliefweb.int/report/turkiye/minimum-expenditure-basket-after-earthquake-disaster-turkiye-april-2023,
 Tents , 3000 ,"Heavy rain had previously flooded at least 50 displacement sites and destroyed or damaged more than 3,000 tents.",Syria,2023-04-13 12:20:12+00:00,Situation Report,https://reliefweb.int/report/syrian-arab-republic/syrian-arab-republic-earthquakes-syria-situational-updates-no-7-12-april-2023,
         Tents        ,              587               ,"No deaths and injuries were reported, 587 tents and rooms were destroyed, and 1,646 tents and rooms have also been damaged.",Syria,2023-04-12 15:49:07+00:00,Situation Report,https://reliefweb.int/report/syrian-arab-republic/flooding-incident-report-21-march-2023,
         Tents        ,"             1,646              ","No deaths and injuries were reported, 587 tents and rooms were destroyed, and 1,646 tents and rooms have also been damaged.",Syria,2023-04-12 15:49:07+00:00,Situation Report,https://reliefweb.int/report/syrian-arab-republic/flooding-incident-report-21-march-2023,
         Rooms        ,"             1,646              ","No deaths and injuries were reported, 587 tents and rooms were destroyed, and 1,646 tents and rooms have also been damaged.",Syria,2023-04-12 15:49:07+00:00,Situation Report,https://reliefweb.int/report/syrian-arab-republic/flooding-incident-report-21-march-2023,
         Rooms        ,              587               ,"No deaths and injuries were reported, 587 tents and rooms were destroyed, and 1,646 tents and rooms have also been damaged.",Syria,2023-04-12 15:49:07+00:00,Situation Report,https://reliefweb.int/report/syrian-arab-republic/flooding-incident-report-21-march-2023,
 Food production , >20% of Turkey's food production ,"Food and Agriculture Organization of the United Nations (FAO) also stated that more than 20 percent of Turkey's food production was damaged in the earthquake, which affected 11 important agricultural provinces.",Türkiye,2023-04-07 12:02:15+00:00,Situation Report,https://reliefweb.int/report/turkiye/devastating-earthquakes-southern-turkiye-and-northern-syria-april-6th-2023-situation-report-20-entr,
 Schools              ,       11     ,"In addition to refugee homes that were damaged, 11 UNRWA installations were also damaged by the earthquake including health centres and schools.",Syria,2023-04-07 09:15:52+00:00,Situation Report,https://reliefweb.int/report/syrian-arab-republic/unrwa-syria-earthquake-response-situation-report-23-06-april-2023,
 Health centers       ,       11     ,"In addition to refugee homes that were damaged, 11 UNRWA installations were also damaged by the earthquake including health centres and schools.",Syria,2023-04-07 09:15:52+00:00,Situation Report,https://reliefweb.int/report/syrian-arab-republic/unrwa-syria-earthquake-response-situation-report-23-06-april-2023,
 Schools , 452 ,"With at least 10,600 buildings and 452 schools destroyed by the earthquakes at varying degrees, rubble removal projects have begun in earnest to help rebuild homes and infrastructure destroyed or damaged by the earthquake.",Syria,2023-04-07 00:00:00+00:00,Situation Report,https://reliefweb.int/report/syrian-arab-republic/sard-flash-report-16-earthquake-nw-syria-7-april-2023,
 Buildings ," 10,600 ","With at least 10,600 buildings and 452 schools destroyed by the earthquakes at varying degrees, rubble removal projects have begun in earnest to help rebuild homes and infrastructure destroyed or damaged by the earthquake.",Syria,2023-04-07 00:00:00+00:00,Situation Report,https://reliefweb.int/report/syrian-arab-republic/sard-flash-report-16-earthquake-nw-syria-7-april-2023,
      Tents            ,"     3,000 (destroyed or damaged) ","This resulted in more than 3,000 tents being destroyed or damaged, many of which were set up to house people affected by the earthquakes.",Syria,2023-04-06 12:16:24+00:00,Situation Report,https://reliefweb.int/report/syrian-arab-republic/syrian-arab-republic-earthquakes-syria-situational-updates-no-6-4-april-2023,
 Not specified , 1 death in custody ,"Case of Ahmet and Sabri Güreşçi Among the cases examined was the harrowing evidence of the torture by the gendarmerie of brothers Sabri Güreşçi, 37, and Ahmet Güreşçi, 27, leading to Ahmet’s death in custody.",Türkiye,2023-04-05 23:38:00+00:00,News and Press Release,https://reliefweb.int/report/turkiye/turkey-police-and-gendarmerie-abuses-earthquake-zone,
   -                   ,       10 kilometers            ,"At around midnight, they were forced out of the minibus at a deserted area almost 10 kilometers outside the city.",Türkiye,2023-04-05 23:38:00+00:00,News and Press Release,https://reliefweb.int/report/turkiye/turkey-police-and-gendarmerie-abuses-earthquake-zone,
 Production , More than 20% of the agricultural production ,"Más del 20 % de la producción agrícola de Türkiye está dañada En Türkiye, el terremoto afectó gravemente a 11 provincias agrícolas clave y a 15,73 millones de personas y más del 20 % de la producción alimentaria del país.",Türkiye,2023-04-05 13:55:51+00:00,News and Press Release,https://reliefweb.int/report/turkiye/terremotos-en-turkiye-la-evaluacion-inicial-indica-perdidas-de-mas-del-20-en-la-produccion-alimentaria,Türkiye
 N/A , 1300 million USD in damages and 5100 million USD in losses ,"Las evaluaciones iniciales indican importantes repercusiones en la agricultura, con estimaciones preliminares de 1 300 millones de USD en daños y 5 100 millones de USD en pérdidas para el sector.",Türkiye,2023-04-05 13:55:51+00:00,News and Press Release,https://reliefweb.int/report/turkiye/terremotos-en-turkiye-la-evaluacion-inicial-indica-perdidas-de-mas-del-20-en-la-produccion-alimentaria,
 Workplaces           , 2000+ damaged         ,"More than 2000 homes, workplaces and vehicles are damaged, and some have been submerged in water.",Türkiye,2023-04-05 05:34:15+00:00,Situation Report,https://reliefweb.int/report/turkiye/turkiye-earthquakes-situation-report-iv-04042023,
 Vehicles             , 2000+ damaged         ,"More than 2000 homes, workplaces and vehicles are damaged, and some have been submerged in water.",Türkiye,2023-04-05 05:34:15+00:00,Situation Report,https://reliefweb.int/report/turkiye/turkiye-earthquakes-situation-report-iv-04042023,
 Homes                , 2000+ damaged         ,"More than 2000 homes, workplaces and vehicles are damaged, and some have been submerged in water.",Türkiye,2023-04-05 05:34:15+00:00,Situation Report,https://reliefweb.int/report/turkiye/turkiye-earthquakes-situation-report-iv-04042023,
 Not Applicable , $0.44 ,The transfer value was increased from TRY 150 (US$ 8) in January to help in-camp refugees compensate the loss in their purchasing power resulting from high levels of inflation.,Türkiye,2023-04-03 14:13:56+00:00,Situation Report,https://reliefweb.int/report/turkiye/wfp-turkiye-country-brief-januaryfebruary-2023,
 Not Applicable , $8 to Not-Defined (due to currency change) ,The transfer value was increased from TRY 150 (US$ 8) in January to help in-camp refugees compensate the loss in their purchasing power resulting from high levels of inflation.,Türkiye,2023-04-03 14:13:56+00:00,Situation Report,https://reliefweb.int/report/turkiye/wfp-turkiye-country-brief-januaryfebruary-2023,
 N/A ," 4,351 Turkish Lira (US$ 230.6) per month ","The report estimates that, without new livelihoods, a disaster-affected worker will lose an average of 4,351 Turkish Lira (US$ 230.6) per month.",Türkiye,2023-04-01 09:30:59+00:00,Situation Report,https://reliefweb.int/report/turkiye/turkey-earthquake-emergency-situation-report-30032023,
         Crops          ,   $3.6 billion,"The Food and Agriculture Organization of the United Nations (FAO) reported that the earthquakes caused $6.7 billion in losses and damage to crops, livestock, food stocks and agricultural infrastructure and assets5.",Türkiye,2023-04-01 09:30:59+00:00,Situation Report,https://reliefweb.int/report/turkiye/turkey-earthquake-emergency-situation-report-30032023,
 Agricultural infrastructure , $0.3 billion ,"The Food and Agriculture Organization of the United Nations (FAO) reported that the earthquakes caused $6.7 billion in losses and damage to crops, livestock, food stocks and agricultural infrastructure and assets5.",Türkiye,2023-04-01 09:30:59+00:00,Situation Report,https://reliefweb.int/report/turkiye/turkey-earthquake-emergency-situation-report-30032023,
          -           ,          2 trillion liras ($103.6 billion)          ,"According to a report by the Presidential Strategy and Budget Directorate, the total cost of the earthquakes on the Turkish economy is approximately 2 trillion liras ($103.6 billion).",Türkiye,2023-04-01 09:30:59+00:00,Situation Report,https://reliefweb.int/report/turkiye/turkey-earthquake-emergency-situation-report-30032023,
        Livestock       ,   $2.5 billion,"The Food and Agriculture Organization of the United Nations (FAO) reported that the earthquakes caused $6.7 billion in losses and damage to crops, livestock, food stocks and agricultural infrastructure and assets5.",Türkiye,2023-04-01 09:30:59+00:00,Situation Report,https://reliefweb.int/report/turkiye/turkey-earthquake-emergency-situation-report-30032023,
       Food stocks      ,   $0.3 billion,"The Food and Agriculture Organization of the United Nations (FAO) reported that the earthquakes caused $6.7 billion in losses and damage to crops, livestock, food stocks and agricultural infrastructure and assets5.",Türkiye,2023-04-01 09:30:59+00:00,Situation Report,https://reliefweb.int/report/turkiye/turkey-earthquake-emergency-situation-report-30032023,
 Food Production , More than 20% ,"More than 20 percent of Türkiye’s agricultural production damaged In Türkiye, the earthquake severely impacted 11 key agricultural provinces a­ffecting 15.73 million people and more than 20 percent of the country's food production.",Türkiye,2023-03-31 09:39:11+00:00,News and Press Release,https://reliefweb.int/report/turkiye/turkiye-earthquakes-initial-assessment-indicates-losses-more-20-percent-food-production,Türkiye
 N/A , $1.3 billion (damage)<br>$5.1 billion (losses) ,"Initial assessments indicate significant impacts to agriculture, with preliminary estimates of $1.3 billion in damage and $5.1 billion in losses to the sector.",Türkiye,2023-03-31 09:39:11+00:00,News and Press Release,https://reliefweb.int/report/turkiye/turkiye-earthquakes-initial-assessment-indicates-losses-more-20-percent-food-production,
              Total            ,     7400      ,"More than 7,400 buildings have been completely or partially destroyed.",Türkiye,2023-03-30 22:38:27+00:00,Situation Report,https://reliefweb.int/report/turkiye/unfpa-turkiyesyria-earthquake-joint-situation-report-2-march-28-2023,
 Not specified  , 16.0%         ,The ILO estimates a 16.0% loss in working hours in the affected areas.,Türkiye,2023-03-30 19:12:40+00:00,Situation Report,https://reliefweb.int/report/turkiye/turkiye-2023-earthquakes-situation-report-no-12-30-march-2023-entr,
 Tents                   ," 2,100 (destroyed/damaged)     ","At least 52 internally displaced people (IDP) sites are affected, with floods destroying or damaging more than
2,100 tents sheltering some 10,500 IDPs.",Syria,2023-03-30 12:19:39+00:00,Situation Report,https://reliefweb.int/report/syrian-arab-republic/whole-syria-emergency-response-earthquake-update-7-29-march-2023,
      Tents           ,"           2,000       ","More than 2,000 tents were destroyed or damaged during the floods.",Syria,2023-03-30 07:47:55+00:00,Situation Report,https://reliefweb.int/report/syrian-arab-republic/syrian-arab-republic-earthquakes-syria-situational-updates-28-march-2023,
        Camps for        ,              300                 ,"According to OCHA approximately 1,500 tents in 30 camps were destroyed or damaged, with 300 of
those tents located in camps constructed for displaced earthquake victims.",Syria,2023-03-28 20:55:49+00:00,Situation Report,https://reliefweb.int/report/syrian-arab-republic/sard-flash-report-14-earthquake-nw-syria-24-march-2023,
            Tent         ,             1500                 ,"According to OCHA approximately 1,500 tents in 30 camps were destroyed or damaged, with 300 of
those tents located in camps constructed for displaced earthquake victims.",Syria,2023-03-28 20:55:49+00:00,Situation Report,https://reliefweb.int/report/syrian-arab-republic/sard-flash-report-14-earthquake-nw-syria-24-march-2023,
 Not specified ," SYP 241,157 (average income in Syria) ","With an average of 1.103 workers per household, 154,000 families are found to be directly impacted by disemployment, leaving some 725,000 individuals affected, assuming an average household size of 4.7 persons per household.In terms of income lost, estimates suggest that the average income in Syria is SYP 241,157.",Syria,2023-03-28 15:45:13+00:00,Assessment,https://reliefweb.int/report/syrian-arab-republic/impact-february-2023-earthquakes-employment-and-labour-market-syria-technical-note,Syria
 N/A , At least USD 5.68 million per month ,"4 For every month that disemployed workers remain out of employment, at least USD 5.68 million are lost.5 These losses have an impact not only on the lives of workers themselves but also on the lives of those who depend on them.",Syria,2023-03-28 15:45:13+00:00,Assessment,https://reliefweb.int/report/syrian-arab-republic/impact-february-2023-earthquakes-employment-and-labour-market-syria-technical-note,
          N/A         ,            27.5%               ,"Based on the gender composition of employment in the area, 72.5 per cent of the total hours of work lost affected men and 27.5 per cent affected women.",Türkiye,2023-03-28 15:44:02+00:00,Assessment,https://reliefweb.int/report/turkiye/effects-february-2023-earthquake-labour-market-turkiye,
          N/A         ,            72.5%               ,"Based on the gender composition of employment in the area, 72.5 per cent of the total hours of work lost affected men and 27.5 per cent affected women.",Türkiye,2023-03-28 15:44:02+00:00,Assessment,https://reliefweb.int/report/turkiye/effects-february-2023-earthquake-labour-market-turkiye,
 N/A , US$150 million per month ,● US$150 million reduction in labour income for every month insofar the situation continues.,Türkiye,2023-03-28 15:44:02+00:00,Assessment,https://reliefweb.int/report/turkiye/effects-february-2023-earthquake-labour-market-turkiye,
     Workplace        ,"             220,000            ","Almost 220,000 workplaces5 are no longer in use due to the earthquake effects.",Türkiye,2023-03-28 15:44:02+00:00,Assessment,https://reliefweb.int/report/turkiye/effects-february-2023-earthquake-labour-market-turkiye,
      Unknown           ,               At least US$5.7 million a month           ,This temporary ‘disemployment’ has led to total labour income losses equivalent to at least US$5.7 million a month.,Türkiye,2023-03-28 15:11:40+00:00,News and Press Release,https://reliefweb.int/report/turkiye/urgent-support-needed-hundreds-thousands-workers-after-turkiye-and-syria-earthquakes-entr,
                      -                     ,         US$230 (average income loss)     ,The ILO estimates that these affected workers face average income losses of more than US$230 per month each for as long as the disruption continues.,Türkiye,2023-03-28 15:11:40+00:00,News and Press Release,https://reliefweb.int/report/turkiye/urgent-support-needed-hundreds-thousands-workers-after-turkiye-and-syria-earthquakes-entr,
          -           ,            US$150 million per month            ,"Overall, the crisis is likely to have reduced take-home labour income by around US$150 million per month in the affected areas.",Türkiye,2023-03-28 15:11:40+00:00,News and Press Release,https://reliefweb.int/report/turkiye/urgent-support-needed-hundreds-thousands-workers-after-turkiye-and-syria-earthquakes-entr,
     Housing Units    ,"          1,073.9 billion TRY; 56.9 billion USD         ","The most prominent component of the burden imposed by the earthquake on the Turkish economy is the damage in housing units by 54.9% (1,073.9 billion TRY; 56.9 billion USD).",Türkiye,2023-03-27 19:32:21+00:00,Assessment,https://reliefweb.int/report/turkiye/turkiye-earthquakes-recovery-and-reconstruction-assessment,
 N/A , 222.4 billion TRY (11.8 billion USD) ,The damage incurred by the private sector except housing is estimated at 222.4 billion TRY (11.8 billion USD).,Türkiye,2023-03-27 19:32:21+00:00,Assessment,https://reliefweb.int/report/turkiye/turkiye-earthquakes-recovery-and-reconstruction-assessment,
  , 103.6 billion USD ,This analysis estimated the total damages and losses caused by the earthquakes at US$103.6 billion.,Türkiye,2023-03-27 10:44:10+00:00,Appeal,https://reliefweb.int/report/turkiye/recovery-and-reconstruction-after-2023-earthquakes-turkiye-undp-project-catalogue-entr,
 Buildings ," 298,000 ","In 11 provinces in the earthquake zone, the number of demolished buildings has reached 298 thousand.",Türkiye,2023-03-24 12:18:33+00:00,Situation Report,https://reliefweb.int/report/turkiye/devastating-earthquakes-southern-turkiye-and-northern-syria-friday-24-march-2023-situation-report-18-entr,
 N/A , 104 billion ,"According to our preliminary calculations, the cost of the destruction caused by the earthquake is approximately 104 billion.",Türkiye,2023-03-24 12:18:33+00:00,Situation Report,https://reliefweb.int/report/turkiye/devastating-earthquakes-southern-turkiye-and-northern-syria-friday-24-march-2023-situation-report-18-entr,
     Crops/Livestock   ,           $6.7 billion          ,"The United Nations Food and Agriculture Organization (FAO) said Tuesday that the earthquakes caused $6.7 billion in losses and damage to crops, livestock production, food stocks and agricultural infrastructure and assets.",Türkiye,2023-03-24 02:55:05+00:00,Situation Report,https://reliefweb.int/report/turkiye/turkiye-2023-earthquakes-situation-report-no-11-23-march-2023-entr,
                      ,            $103.6 billion       ,Turkish President said the earthquakes caused about $103.6 billion of damage.,Türkiye,2023-03-24 02:55:05+00:00,Situation Report,https://reliefweb.int/report/turkiye/turkiye-2023-earthquakes-situation-report-no-11-23-march-2023-entr,
        -             ,      $5.2 billion   ,"The physical destruction has also been astounding, he said, citing World Bank estimates that total losses in Syria amount to $5.2 billion — with the actual total likely much higher.",Syria,2023-03-23 21:16:48+00:00,News and Press Release,https://reliefweb.int/report/syrian-arab-republic/briefing-security-council-united-nations-officials-describe-syrias-astounding-physical-destruction-massive-humanitarian-needs-following-earthquake,Syria
        Tents         ,          600          ,Some 600 tents were destroyed and 897 damaged.,Syria,2023-03-23 19:11:09+00:00,Situation Report,https://reliefweb.int/report/syrian-arab-republic/north-west-syria-situation-report-23-march-2023,
        Tents         ,          897          ,Some 600 tents were destroyed and 897 damaged.,Syria,2023-03-23 19:11:09+00:00,Situation Report,https://reliefweb.int/report/syrian-arab-republic/north-west-syria-situation-report-23-march-2023,
 Tents , 1500 (Destroyed or Damaged) ,"Some 1,500 tents were destroyed or damaged during the flood.",Syria,2023-03-23 12:24:28+00:00,Situation Report,https://reliefweb.int/report/syrian-arab-republic/syrian-arab-republic-earthquakes-syria-situational-updates-22-march-2023,
 N/A ," $3.7 billion (physical damages), $1.5 billion (losses) ","According to the World Bank’s Syria Earthquake: Rapid Damage and Needs Assessment (RDNA) 2023, physical damages caused by the earthquake are estimated at $3.7 billion, while losses are estimated at $1.5 billion, bringing the total estimated impact to $5.2 billion.",Syria,2023-03-23 12:24:28+00:00,Situation Report,https://reliefweb.int/report/syrian-arab-republic/syrian-arab-republic-earthquakes-syria-situational-updates-22-march-2023,
 Not mentioned in the text , $1.5 billion (losses) ,"The earthquake caused an estimated US$3.7 billion in physical damages and $1.5 billion in losses in Syria, based on the World Bank’s Rapid Damage and Needs Assessment (RDNA).",Syria,2023-03-23 12:24:28+00:00,Situation Report,https://reliefweb.int/report/syrian-arab-republic/syrian-arab-republic-earthquakes-syria-situational-updates-22-march-2023,Syria
 Not mentioned in the text , $5.2 billion (total physical damages and losses) ,"The earthquake caused an estimated US$3.7 billion in physical damages and $1.5 billion in losses in Syria, based on the World Bank’s Rapid Damage and Needs Assessment (RDNA).",Syria,2023-03-23 12:24:28+00:00,Situation Report,https://reliefweb.int/report/syrian-arab-republic/syrian-arab-republic-earthquakes-syria-situational-updates-22-march-2023,Syria
 Not mentioned in the text , $3.7 billion (physical damages) ,"The earthquake caused an estimated US$3.7 billion in physical damages and $1.5 billion in losses in Syria, based on the World Bank’s Rapid Damage and Needs Assessment (RDNA).",Syria,2023-03-23 12:24:28+00:00,Situation Report,https://reliefweb.int/report/syrian-arab-republic/syrian-arab-republic-earthquakes-syria-situational-updates-22-march-2023,Syria
 Tents ," 1,600 destroyed or damaged ","In Syria, at least 42 IDP sites are affected, with floods destroying or damaging more than 1,600 tents sheltering some 7,500 internally displaced people (IDPs).",Syria,2023-03-23 09:07:14+00:00,Situation Report,https://reliefweb.int/report/syrian-arab-republic/whole-syria-emergency-response-earthquake-update-6-22-march-2023,Syria
 Homes , 70% partially destroyed ,The survey found: Nearly 70 percent said their homes had been partially destroyed.,Türkiye,2023-03-23 01:08:23+00:00,News and Press Release,https://reliefweb.int/report/turkiye/turkiye-syria-earthquake-pledges-come-make-or-break-moment,
 Apartment buildings  ," 650,000                        ","Staggering needs The double earthquakes struck on 6 February, displacing roughly 3.3 million people in Türkiye and destroying some 650,000 apartment buildings and houses.",Türkiye,2023-03-20 20:41:52+00:00,News and Press Release,https://reliefweb.int/report/turkiye/un-underlines-commitment-support-communities-affected-syria-turkiye-earthquakes,Türkiye
 Tents                , 375 destroyed/uninhabitable  ,"At least 375 tents sheltering families have been destroyed or left uninhabitable, and over 530 tents were partially damaged, according to Save the Children’s partners in the area.",Syria,2023-03-20 16:29:30+00:00,News and Press Release,https://reliefweb.int/report/syrian-arab-republic/syria-children-terrified-sleeping-tents-storms-and-flooding-damage-shelters-families-already-affected-earthquakes,
 Tents                , 530 partially damaged        ,"At least 375 tents sheltering families have been destroyed or left uninhabitable, and over 530 tents were partially damaged, according to Save the Children’s partners in the area.",Syria,2023-03-20 16:29:30+00:00,News and Press Release,https://reliefweb.int/report/syrian-arab-republic/syria-children-terrified-sleeping-tents-storms-and-flooding-damage-shelters-families-already-affected-earthquakes,
 Housing              ,              562                 ,• Five hundred and sixty-two Palestine refugee homes and 9 UNRWA facilities suffered varying degrees of damage from the earthquake.,Syria,2023-03-19 20:03:37+00:00,Situation Report,https://reliefweb.int/report/syrian-arab-republic/syrian-arab-republic-earthquakes-situation-report-no-4-16-march-2023,
 Facilities           ,                9                 ,• Five hundred and sixty-two Palestine refugee homes and 9 UNRWA facilities suffered varying degrees of damage from the earthquake.,Syria,2023-03-19 20:03:37+00:00,Situation Report,https://reliefweb.int/report/syrian-arab-republic/syrian-arab-republic-earthquakes-situation-report-no-4-16-march-2023,
        Building       ,"              7,400             ","More than 7,400 buildings have been completely or partially destroyed.",Türkiye,2023-03-19 11:45:30+00:00,Situation Report,https://reliefweb.int/report/turkiye/unfpa-turkiyesyria-earthquake-joint-situation-report-1-march-20-2023,
 Inventory ," $2,300,000 ","The Syria Earthquake 2023 Rapid Damage and Needs Assessment (RDNA) presents an assessment of the impact of the earthquake on physical assets, infrastructure, and service delivery in the six most affected governorates.",Syria,2023-03-18 23:16:37+00:00,Assessment,https://reliefweb.int/report/syrian-arab-republic/syria-earthquake-2023-rapid-damage-and-needs-assessment-rdna-enar,
 Equipment ," $3,200,000 ","The Syria Earthquake 2023 Rapid Damage and Needs Assessment (RDNA) presents an assessment of the impact of the earthquake on physical assets, infrastructure, and service delivery in the six most affected governorates.",Syria,2023-03-18 23:16:37+00:00,Assessment,https://reliefweb.int/report/syrian-arab-republic/syria-earthquake-2023-rapid-damage-and-needs-assessment-rdna-enar,
 Vehicles ," $6,800,000 ","The Syria Earthquake 2023 Rapid Damage and Needs Assessment (RDNA) presents an assessment of the impact of the earthquake on physical assets, infrastructure, and service delivery in the six most affected governorates.",Syria,2023-03-18 23:16:37+00:00,Assessment,https://reliefweb.int/report/syrian-arab-republic/syria-earthquake-2023-rapid-damage-and-needs-assessment-rdna-enar,
 Machinery ," $4,500,000 ","The Syria Earthquake 2023 Rapid Damage and Needs Assessment (RDNA) presents an assessment of the impact of the earthquake on physical assets, infrastructure, and service delivery in the six most affected governorates.",Syria,2023-03-18 23:16:37+00:00,Assessment,https://reliefweb.int/report/syrian-arab-republic/syria-earthquake-2023-rapid-damage-and-needs-assessment-rdna-enar,
                       ,           US$1.5 billion         ,"According to the Syria Earthquake 2023 RDNA, physical damages caused by the earthquake are estimated at US$3.7 billion, while losses are estimated at US$1.5 billion, bringing the total estimated impact to US$5.2 billion.",Syria,2023-03-18 23:16:37+00:00,Assessment,https://reliefweb.int/report/syrian-arab-republic/syria-earthquake-2023-rapid-damage-and-needs-assessment-rdna-enar,
                       ,           US$3.7 billion         ,"According to the Syria Earthquake 2023 RDNA, physical damages caused by the earthquake are estimated at US$3.7 billion, while losses are estimated at US$1.5 billion, bringing the total estimated impact to US$5.2 billion.",Syria,2023-03-18 23:16:37+00:00,Assessment,https://reliefweb.int/report/syrian-arab-republic/syria-earthquake-2023-rapid-damage-and-needs-assessment-rdna-enar,
         -            ,          Total damages (100%)  ,"Housing is the most severely affected sector (24% of total damages), followed by transport, environment (the associated cost of clearing the rubble) and agriculture.",Syria,2023-03-18 23:16:37+00:00,Assessment,https://reliefweb.int/report/syrian-arab-republic/syria-earthquake-2023-rapid-damage-and-needs-assessment-rdna-enar,
 Buildings ," $14,000,000 ","The Syria Earthquake 2023 Rapid Damage and Needs Assessment (RDNA) presents an assessment of the impact of the earthquake on physical assets, infrastructure, and service delivery in the six most affected governorates.",Syria,2023-03-18 23:16:37+00:00,Assessment,https://reliefweb.int/report/syrian-arab-republic/syria-earthquake-2023-rapid-damage-and-needs-assessment-rdna-enar,
                       ,             US$5.2 billion        ,"According to the Syria Earthquake 2023 RDNA, physical damages caused by the earthquake are estimated at US$3.7 billion, while losses are estimated at US$1.5 billion, bringing the total estimated impact to US$5.2 billion.",Syria,2023-03-18 23:16:37+00:00,Assessment,https://reliefweb.int/report/syrian-arab-republic/syria-earthquake-2023-rapid-damage-and-needs-assessment-rdna-enar,
 Schools , 454 ,"Besides the loss of homes, around 454 schools in Syria are reported to have been destroyed following the deadly earthquakes.",Syria,2023-03-17 13:34:30+00:00,News and Press Release,https://reliefweb.int/report/syrian-arab-republic/over-150000-families-without-adequate-shelter-syria-after-earthquake,Syria
 Residences            , 53% of greatest damage         ,"According to the current assessment data; 53% of the greatest damage caused by the 6 February earthquakes occurred in residences, followed by damage to health facilities, educational institutions, and public buildings.",Türkiye,2023-03-17 13:21:08+00:00,Situation Report,https://reliefweb.int/report/turkiye/devastating-earthquakes-southern-turkiye-and-northern-syria-friday-16-march-2023-situation-report-17-entr,
 N/A                   , 35 sub-districts           ,"The earthquakes have affected at  least  96  communities  and  35  sub-districts  in  NWS;  more  than10,600  buildings  have  been  partially  or  completely  destroyed, leaving an estimated 55,000 households as displaced, either within or between assessed communities.",Syria,2023-03-15 15:10:58+00:00,Situation Report,https://reliefweb.int/report/syrian-arab-republic/whole-syria-emergency-response-earthquake-update-5-15-march-2023,
 N/A                   , 96 communities            ,"The earthquakes have affected at  least  96  communities  and  35  sub-districts  in  NWS;  more  than10,600  buildings  have  been  partially  or  completely  destroyed, leaving an estimated 55,000 households as displaced, either within or between assessed communities.",Syria,2023-03-15 15:10:58+00:00,Situation Report,https://reliefweb.int/report/syrian-arab-republic/whole-syria-emergency-response-earthquake-update-5-15-march-2023,
 Buildings              ," 10,600 (partially or completely destroyed) ","The earthquakes have affected at  least  96  communities  and  35  sub-districts  in  NWS;  more  than10,600  buildings  have  been  partially  or  completely  destroyed, leaving an estimated 55,000 households as displaced, either within or between assessed communities.",Syria,2023-03-15 15:10:58+00:00,Situation Report,https://reliefweb.int/report/syrian-arab-republic/whole-syria-emergency-response-earthquake-update-5-15-march-2023,
 Household              ," 55,000 (displaced)            ","The earthquakes have affected at  least  96  communities  and  35  sub-districts  in  NWS;  more  than10,600  buildings  have  been  partially  or  completely  destroyed, leaving an estimated 55,000 households as displaced, either within or between assessed communities.",Syria,2023-03-15 15:10:58+00:00,Situation Report,https://reliefweb.int/report/syrian-arab-republic/whole-syria-emergency-response-earthquake-update-5-15-march-2023,
 Household units , 3 million ,"According to AFAD, more than three million household units were damaged (out of which 164,300 buildings were
completely destroyed).",Türkiye,2023-03-13 17:25:12+00:00,Situation Report,https://reliefweb.int/report/turkiye/turkiye-earthquakes-operation-update-1-emergency-appeal-no-mdrtr004,
 Buildings ," 164,300 ","According to AFAD, more than three million household units were damaged (out of which 164,300 buildings were
completely destroyed).",Türkiye,2023-03-13 17:25:12+00:00,Situation Report,https://reliefweb.int/report/turkiye/turkiye-earthquakes-operation-update-1-emergency-appeal-no-mdrtr004,
 Buildings            , 276 destroyed                   ,"Major infrastructure damage has been witnessed with 276 destroyed buildings and more than 300 partially damaged, in addition to the complete destruction of 248 schools.",Syria,2023-03-13 13:32:22+00:00,Situation Report,https://reliefweb.int/report/syrian-arab-republic/syria-mena-syria-earthquake-emergency-appeal-operational-strategy-mdrsy009,
 Schools              , 248 completely destroyed        ,"Major infrastructure damage has been witnessed with 276 destroyed buildings and more than 300 partially damaged, in addition to the complete destruction of 248 schools.",Syria,2023-03-13 13:32:22+00:00,Situation Report,https://reliefweb.int/report/syrian-arab-republic/syria-mena-syria-earthquake-emergency-appeal-operational-strategy-mdrsy009,
 Buildings            , More than 300 partially damaged ,"Major infrastructure damage has been witnessed with 276 destroyed buildings and more than 300 partially damaged, in addition to the complete destruction of 248 schools.",Syria,2023-03-13 13:32:22+00:00,Situation Report,https://reliefweb.int/report/syrian-arab-republic/syria-mena-syria-earthquake-emergency-appeal-operational-strategy-mdrsy009,
      Buildings       ,"            230,000             ","It is reported that over 230,000 buildings1 were destroyed or badly damaged over quite a large region of Turkiye, and for that reason, it will take a long time for missing people to be accounted for.",Türkiye,2023-03-12 23:29:42+00:00,Situation Report,https://reliefweb.int/report/turkiye/turkiye-humanity-first-situation-update-06-12-march-2023,Türkiye
 Buildings ," 600,000 destroyed ","In addition, UNDP Türkiye Representative Louisa Vinton stated that 2.7 million people were displaced due to the earthquake and nearly 600,000 buildings were destroyed.",Türkiye,2023-03-12 22:23:30+00:00,Situation Report,https://reliefweb.int/report/turkiye/devastating-earthquakes-southern-turkiye-and-northern-syria-friday-10-march-2023-situation-report-16-our-needs-are-huge-our-resources-are-limited-entr,
 Not specified , 10 days of shower and speech from 1 daughter ,"For instance, her 13-year-old daughter has not spoken or taken a shower for ten days due to the shock.",Syria,2023-03-10 18:32:03+00:00,Situation Report,https://reliefweb.int/report/syrian-arab-republic/north-west-syria-situation-report-8-march-2023,
 Buildings             ," 232,000                        ","Shelter/NFIs: On 7 March, the Minister of Environment stated 232,000 buildings were destroyed.",Türkiye,2023-03-10 16:17:07+00:00,Situation Report,https://reliefweb.int/report/turkiye/turkiye-earthquake-march-2023-bi-weekly-highlights-10032023,
 -                     ," 117,000                        ","An estimated 24 million people
are believed to be affected, more than five million were left homeless and those injured are more than 117,000
people.",Syria,2023-03-09 18:57:45+00:00,Situation Report,https://reliefweb.int/report/syrian-arab-republic/turkiye-and-syria-earthquake-response-situation-report-march-7th-2023,
 Buildings ," 230,000 ",• He said the number of collapsed and heavily damaged buildings in 11 provinces in the earthquake zone reached 230 thousand.,Türkiye,2023-03-09 17:36:06+00:00,Situation Report,https://reliefweb.int/report/turkiye/turkiye-2023-earthquakes-situation-report-no-8-9-march-2023,
 N/A , 0 (None reported),• He said the number of collapsed and heavily damaged buildings in 11 provinces in the earthquake zone reached 230 thousand.,Türkiye,2023-03-09 17:36:06+00:00,Situation Report,https://reliefweb.int/report/turkiye/turkiye-2023-earthquakes-situation-report-no-8-9-march-2023,
 Palestine refugee homes , 562 ,"So far, 562 Palestine refugee homes and 9 UNRWA facilities were found to have suffered varying degrees of damage from the earthquake: 13% were severely damaged, 40% partially damaged and 47% had minor damage, mainly cracks.",Syria,2023-03-09 00:00:00+00:00,Situation Report,https://reliefweb.int/report/syrian-arab-republic/unrwa-syria-earthquake-response-situation-report-19-9-march-2023,
 N/A , 13% ,"So far, 562 Palestine refugee homes and 9 UNRWA facilities were found to have suffered varying degrees of damage from the earthquake: 13% were severely damaged, 40% partially damaged and 47% had minor damage, mainly cracks.",Syria,2023-03-09 00:00:00+00:00,Situation Report,https://reliefweb.int/report/syrian-arab-republic/unrwa-syria-earthquake-response-situation-report-19-9-march-2023,
 N/A , 9 ,"So far, 562 Palestine refugee homes and 9 UNRWA facilities were found to have suffered varying degrees of damage from the earthquake: 13% were severely damaged, 40% partially damaged and 47% had minor damage, mainly cracks.",Syria,2023-03-09 00:00:00+00:00,Situation Report,https://reliefweb.int/report/syrian-arab-republic/unrwa-syria-earthquake-response-situation-report-19-9-march-2023,
 N/A , 40% ,"So far, 562 Palestine refugee homes and 9 UNRWA facilities were found to have suffered varying degrees of damage from the earthquake: 13% were severely damaged, 40% partially damaged and 47% had minor damage, mainly cracks.",Syria,2023-03-09 00:00:00+00:00,Situation Report,https://reliefweb.int/report/syrian-arab-republic/unrwa-syria-earthquake-response-situation-report-19-9-march-2023,
 N/A , 47% ,"So far, 562 Palestine refugee homes and 9 UNRWA facilities were found to have suffered varying degrees of damage from the earthquake: 13% were severely damaged, 40% partially damaged and 47% had minor damage, mainly cracks.",Syria,2023-03-09 00:00:00+00:00,Situation Report,https://reliefweb.int/report/syrian-arab-republic/unrwa-syria-earthquake-response-situation-report-19-9-march-2023,
   Earthquake             ,                   1999       ,It is stated that 96% of the buildings to be demolished were built prior to the 1999 earthquake after which stricter building codes were adopted.,Türkiye,2023-03-08 13:33:01+00:00,Situation Report,https://reliefweb.int/report/turkiye/turkey-earthquake-emergency-situation-report-07032023,
 Building Codes        ,                  Adopted in 1999  ,It is stated that 96% of the buildings to be demolished were built prior to the 1999 earthquake after which stricter building codes were adopted.,Türkiye,2023-03-08 13:33:01+00:00,Situation Report,https://reliefweb.int/report/turkiye/turkey-earthquake-emergency-situation-report-07032023,
 N/A ," 10,000 Turkish Liras ","The 10,000 Turkish Liras per household support payment for citizens affected by the earthquake was transferred to the accounts of 1, 025, 204 earthquake survivor families.",Türkiye,2023-03-08 01:51:59+00:00,News and Press Release,https://reliefweb.int/report/turkiye/afad-press-bulletin-about-works-carried-out-after-earthquake-centered-kahramanmaras-37-entr,
Structures,"217,000","Schroeder opened the event and shared that over 217,000 structures have been destroyed or deemed unsafe, including 520,000 housing units.",Syria,2023-03-07 20:50:15+00:00,News and Press Release,https://reliefweb.int/report/syrian-arab-republic/follow-data-crisisready-shares-emergency-response-models-turkey-syria-earthquakes,
Housing Units,"520,000","Schroeder opened the event and shared that over 217,000 structures have been destroyed or deemed unsafe, including 520,000 housing units.",Syria,2023-03-07 20:50:15+00:00,News and Press Release,https://reliefweb.int/report/syrian-arab-republic/follow-data-crisisready-shares-emergency-response-models-turkey-syria-earthquakes,
 Buildings            ," 164,300 (collapsed or heavily damaged) ","Turkish authorities report around 164,300 buildings have collapsed or are heavily damaged in 11 provinces throughout the country.",Türkiye,2023-03-07 11:10:22+00:00,News and Press Release,https://reliefweb.int/report/turkiye/earthquake-syria-and-turkey-we-try-help-people-and-be-together-face-tragedy,
 Buildings ," 10,000 (partially or completely destroyed) ","The earthquakes have affected at least 96 communities and 35 sub-districts in NWS; more than 10,000 buildings
have been partially or completely destroyed, leaving and estimated 55,000 households as displaced, either within or
between assessed communities",Syria,2023-03-06 19:19:07+00:00,Situation Report,https://reliefweb.int/report/syrian-arab-republic/whole-syria-emergency-response-earthquake-update-3-6-march-2023,
 buildings ," 200,000 (collapsed or severely damaged) ","Thousands of aftershocks followed in the subsequent days and weeks, including several of magnitudes greater than 5.5—escalating the devastation and hindering search and rescue efforts to free the thousands of people trapped among the nearly 200,000 buildings that collapsed or were severely damaged.",Türkiye,2023-03-06 18:33:58+00:00,Assessment,https://reliefweb.int/report/turkiye/turkiye-earthquake-response-rapid-needs-assessment-adiyaman-gaziantep-and-kahramanmaras,
 Buildings , 967 ,"In Lattakia Governorate, 105 buildings have collapsed and it is estimated that an additional 17,722 buildings have been affected (12,922 buildings are safe for return but need minor rehabilitation, 3,833 are unsafe and need rehabilitation/reinforcement, and 967 are unsafe and cannot be rehabilitated).",Syria,2023-03-05 18:38:58+00:00,Situation Report,https://reliefweb.int/report/syrian-arab-republic/syrian-arab-republic-earthquakes-situation-report-no-2-02-march-2023,
 Buildings ," 3,833 ","In Lattakia Governorate, 105 buildings have collapsed and it is estimated that an additional 17,722 buildings have been affected (12,922 buildings are safe for return but need minor rehabilitation, 3,833 are unsafe and need rehabilitation/reinforcement, and 967 are unsafe and cannot be rehabilitated).",Syria,2023-03-05 18:38:58+00:00,Situation Report,https://reliefweb.int/report/syrian-arab-republic/syrian-arab-republic-earthquakes-situation-report-no-2-02-march-2023,
 Buildings ," 12,922 ","In Lattakia Governorate, 105 buildings have collapsed and it is estimated that an additional 17,722 buildings have been affected (12,922 buildings are safe for return but need minor rehabilitation, 3,833 are unsafe and need rehabilitation/reinforcement, and 967 are unsafe and cannot be rehabilitated).",Syria,2023-03-05 18:38:58+00:00,Situation Report,https://reliefweb.int/report/syrian-arab-republic/syrian-arab-republic-earthquakes-situation-report-no-2-02-march-2023,
 Buildings , 105 ,"In Lattakia Governorate, 105 buildings have collapsed and it is estimated that an additional 17,722 buildings have been affected (12,922 buildings are safe for return but need minor rehabilitation, 3,833 are unsafe and need rehabilitation/reinforcement, and 967 are unsafe and cannot be rehabilitated).",Syria,2023-03-05 18:38:58+00:00,Situation Report,https://reliefweb.int/report/syrian-arab-republic/syrian-arab-republic-earthquakes-situation-report-no-2-02-march-2023,
 Homes , 2.7 million people ,SITUATION OVERVIEW The Shelter and Non-Food Items (SNFI) sector estimates that the homes of approximately 2.7 million people in HCT areas have sustained various levels of damage by the earthquake.,Syria,2023-03-05 18:38:58+00:00,Situation Report,https://reliefweb.int/report/syrian-arab-republic/syrian-arab-republic-earthquakes-situation-report-no-2-02-march-2023,
 Non-Residential Buildings ,     US$9.7 billion ,"Direct damages to residential buildings account for nearly half of total damages (48.5% of the median value or US$2.5 billion), while damages in non-residential buildings (e.g., health facilities, schools, government buildings, and private sector buildings) account for one third of the total impact (33.5% or US $9.7 billion).",Syria,2023-03-05 02:56:49+00:00,Assessment,https://reliefweb.int/report/syrian-arab-republic/global-rapid-post-disaster-damage-estimation-grade-report-mw-78-turkiye-syria-earthquake-assessment-impact-syria-results-february-20-2023-enar,
 Residential Buildings,          US$2.5 billion     ,"Direct damages to residential buildings account for nearly half of total damages (48.5% of the median value or US$2.5 billion), while damages in non-residential buildings (e.g., health facilities, schools, government buildings, and private sector buildings) account for one third of the total impact (33.5% or US $9.7 billion).",Syria,2023-03-05 02:56:49+00:00,Assessment,https://reliefweb.int/report/syrian-arab-republic/global-rapid-post-disaster-damage-estimation-grade-report-mw-78-turkiye-syria-earthquake-assessment-impact-syria-results-february-20-2023-enar,
 N/A , $34.2 billion ,"The earthquakes caused an estimated $34.2 billion in direct physical damages in Türkiye, the equivalent of 4% of the country’s 2021 GDP, according to the World Bank.",Türkiye,2023-03-03 10:43:30+00:00,Situation Report,https://reliefweb.int/report/turkiye/turkiye-2023-earthquakes-situation-report-no-6-3-march-2023,Türkiye
 Buildings ," partially or completely destroyed - 10,000 ","The earthquakes have affected at least 96 communities and 35 sub-districts in NWS; more than 10,000 buildings have been partially or completely destroyed,2 leaving and estimated 55,000 households as displaced, either within or between assessed communities.",Syria,2023-03-02 17:38:01+00:00,Situation Report,https://reliefweb.int/report/syrian-arab-republic/whole-syria-emergency-response-earthquake-update-2-2-march-2023,
 Households ," displaced - 55,000 ","The earthquakes have affected at least 96 communities and 35 sub-districts in NWS; more than 10,000 buildings have been partially or completely destroyed,2 leaving and estimated 55,000 households as displaced, either within or between assessed communities.",Syria,2023-03-02 17:38:01+00:00,Situation Report,https://reliefweb.int/report/syrian-arab-republic/whole-syria-emergency-response-earthquake-update-2-2-march-2023,
 Housing units ," 520,000+ ","More than 9 million people were directly affected by the earthquakes, and more than 520,000 housing units collapsed or were destroyed.",Türkiye,2023-03-01 16:49:28+00:00,News and Press Release,https://reliefweb.int/report/turkiye/strengthening-humanitarian-supply-chain-post-earthquake,
   Residential          ,              42%               ,"Damages for residential infrastructure estimated at 42%, non–residential 40% and infrastructure 34%.",Türkiye,2023-02-28 19:21:16+00:00,Situation Report,https://reliefweb.int/report/turkiye/turkiye-earthquake-february-2023-bi-weekly-highlights-28022023,
 Non-residential        ,              40%               ,"Damages for residential infrastructure estimated at 42%, non–residential 40% and infrastructure 34%.",Türkiye,2023-02-28 19:21:16+00:00,Situation Report,https://reliefweb.int/report/turkiye/turkiye-earthquake-february-2023-bi-weekly-highlights-28022023,
   Infrastructure       ,              34%               ,"Damages for residential infrastructure estimated at 42%, non–residential 40% and infrastructure 34%.",Türkiye,2023-02-28 19:21:16+00:00,Situation Report,https://reliefweb.int/report/turkiye/turkiye-earthquake-february-2023-bi-weekly-highlights-28022023,
 Buildings            ," 10,000 partially or completely destroyed","The earthquakes have affected at least 96 communities and 35 sub-districts in NWS; more than 10,000 buildings have been partially or completely destroyed, leaving over 11,000 people homeless.",Syria,2023-02-27 17:57:47+00:00,Situation Report,https://reliefweb.int/report/syrian-arab-republic/whole-syria-emergency-response-earthquake-27-february-2023,
 Non-residential buildings , $9.7 billion              ,"Direct damages to residential buildings account for 53% ($18 billion) of the total damage, with 28% of damage ($9.7 billion) in non-residential buildings (e.g., health facilities, schools, government buildings, and private sector buildings), and 19% of damage ($6.4 billion) related to infrastructure (e.g., roads, power, water supply).",Türkiye,2023-02-27 15:06:15+00:00,Assessment,https://reliefweb.int/report/turkiye/global-rapid-post-disaster-damage-estimation-grade-report-february-6-2023-kahramanmaras-earthquakes-turkiye-report,
 Residential buildings , $18 billion                    ,"Direct damages to residential buildings account for 53% ($18 billion) of the total damage, with 28% of damage ($9.7 billion) in non-residential buildings (e.g., health facilities, schools, government buildings, and private sector buildings), and 19% of damage ($6.4 billion) related to infrastructure (e.g., roads, power, water supply).",Türkiye,2023-02-27 15:06:15+00:00,Assessment,https://reliefweb.int/report/turkiye/global-rapid-post-disaster-damage-estimation-grade-report-february-6-2023-kahramanmaras-earthquakes-turkiye-report,
 Infrastructure        , $6.4 billion                      ,"Direct damages to residential buildings account for 53% ($18 billion) of the total damage, with 28% of damage ($9.7 billion) in non-residential buildings (e.g., health facilities, schools, government buildings, and private sector buildings), and 19% of damage ($6.4 billion) related to infrastructure (e.g., roads, power, water supply).",Türkiye,2023-02-27 15:06:15+00:00,Assessment,https://reliefweb.int/report/turkiye/global-rapid-post-disaster-damage-estimation-grade-report-february-6-2023-kahramanmaras-earthquakes-turkiye-report,
       homes           ,"         507,000 separate       ","According to the Turkish Ministry of Environment, Urbanization and Climate Change, of the more than one million structures inspected so far, 156,000 buildings containing 507,000 separate homes and offices have either completely collapsed or are so damaged they will require demolition.",Türkiye,2023-02-24 09:34:05+00:00,News and Press Release,https://reliefweb.int/report/turkiye/millions-tons-earthquake-rubble-await-removal-turkiye-entr,
     structures        ,"        156,000 buildings       ","According to the Turkish Ministry of Environment, Urbanization and Climate Change, of the more than one million structures inspected so far, 156,000 buildings containing 507,000 separate homes and offices have either completely collapsed or are so damaged they will require demolition.",Türkiye,2023-02-24 09:34:05+00:00,News and Press Release,https://reliefweb.int/report/turkiye/millions-tons-earthquake-rubble-await-removal-turkiye-entr,
 Apartments ," 500,000 (lost or severely damaged) ","The Urbanization Minister of Türkiye said 156,000 buildings and more than 500,000 apartments were destroyed or severely damaged by the earthquake.",Türkiye,2023-02-23 23:31:37+00:00,Situation Report,https://reliefweb.int/report/turkiye/devastating-earthquakes-southern-turkiye-and-northern-thursday-23-february-2023-situation-report-14-updated-2100-gmt3-turkiye-syria-earthquakes-7000-aftershocks-response,
 Buildings ," 156,000 (lost or destroyed) ","The Urbanization Minister of Türkiye said 156,000 buildings and more than 500,000 apartments were destroyed or severely damaged by the earthquake.",Türkiye,2023-02-23 23:31:37+00:00,Situation Report,https://reliefweb.int/report/turkiye/devastating-earthquakes-southern-turkiye-and-northern-thursday-23-february-2023-situation-report-14-updated-2100-gmt3-turkiye-syria-earthquakes-7000-aftershocks-response,
 Working days          ,     2.91 billion  ,"The breakdown of this is as follows: 70.75 billion dollars of housing loss, 10.4 billion dollars of national income loss and 2.91 billion dollars of loss of working days.",Türkiye,2023-02-23 15:03:08+00:00,Assessment,https://reliefweb.int/report/turkiye/multi-sectoral-initial-rapid-needs-assessment-mental-health-and-psychosocial-support-child-protection-kahramanmaras-earthquake-february-2023,
 National income       ,     10.4 billion  ,"The breakdown of this is as follows: 70.75 billion dollars of housing loss, 10.4 billion dollars of national income loss and 2.91 billion dollars of loss of working days.",Türkiye,2023-02-23 15:03:08+00:00,Assessment,https://reliefweb.int/report/turkiye/multi-sectoral-initial-rapid-needs-assessment-mental-health-and-psychosocial-support-child-protection-kahramanmaras-earthquake-february-2023,
 Housing               ,     70.75 billion ,"The breakdown of this is as follows: 70.75 billion dollars of housing loss, 10.4 billion dollars of national income loss and 2.91 billion dollars of loss of working days.",Türkiye,2023-02-23 15:03:08+00:00,Assessment,https://reliefweb.int/report/turkiye/multi-sectoral-initial-rapid-needs-assessment-mental-health-and-psychosocial-support-child-protection-kahramanmaras-earthquake-february-2023,
 Building              , 15-story building              ,She had somehow miraculously escaped unharmed from a 15-story building that had collapsed.,Türkiye,2023-02-22 14:56:41+00:00,News and Press Release,https://reliefweb.int/report/turkiye/humanitarian-spirit-war-syria-earthquake-turkiye,
     Housing Units      ,"           384,500             ","The government of Turkey currently estimates that 384,500 housing units have been destroyed.",Türkiye,2023-02-21 22:48:47+00:00,Situation Report,https://reliefweb.int/report/turkiye/situation-report-feb-20-2023-0000-data-last-updated-feb-20-2023-0800,
 NA                , 10                             ,"After the latest earthquakes on February 20, AFAD reported that six people lost their lives, at least 294 people were injured, 18 of which severely, and ten buildings collapsed.",Türkiye,2023-02-21 19:09:49+00:00,Situation Report,https://reliefweb.int/report/turkiye/turkiye-2023-earthquakes-situation-report-no-3-21-february-2023,
 Buildings            ," 47,000                         ","According to the Turkish Disaster and Emergency Management Authority (AFAD) and recent UN Flash Appeal, more than 9.1 million people have been affected in 11 provinces in Türkiye and more than 47,000 buildings have been destroyed or damaged.",Türkiye,2023-02-21 18:23:47+00:00,Situation Report,https://reliefweb.int/report/turkiye/situation-report-earthquakes-turkiye-february-20-2023-no1,Türkiye
 -                    , 13 million tonnes of rubble    ,"“To give you a frame of reference, the last major earthquake in Turkey, in 1999, which also had a high number of casualties, although less than less than half of what we're seeing now, that resulted in 13 million tonnes of rubble,” she said.",Türkiye,2023-02-21 17:35:04+00:00,News and Press Release,https://reliefweb.int/report/turkiye/15-million-now-homeless-turkiye-after-quake-disaster-warn-un-development-experts,Türkiye
 Schools               , 900                            ,"Education: At least 900 schools were damaged by the earthquake and 170 used as
shelters.",Syria,2023-02-21 17:29:43+00:00,Situation Report,https://reliefweb.int/report/syrian-arab-republic/syria-earthquake-february-2023-government-controlled-areas-bi-weekly-highlights-21022023,
 Shelters              , 170                            ,"Education: At least 900 schools were damaged by the earthquake and 170 used as
shelters.",Syria,2023-02-21 17:29:43+00:00,Situation Report,https://reliefweb.int/report/syrian-arab-republic/syria-earthquake-february-2023-government-controlled-areas-bi-weekly-highlights-21022023,
 N/A             , 11000 people homeless ,"The earthquakes have affected at least 96 communities and 35 sub-districts in NWS; more than 9,000 buildings have been partially or completely destroyed and over 11,000 people have become homeless.",Syria,2023-02-20 17:08:48+00:00,Situation Report,https://reliefweb.int/report/syrian-arab-republic/north-west-syria-flash-update-2-emergency-response-earthquake-20-february-2022,
 Buildings      , 9000 partially or completely destroyed ,"The earthquakes have affected at least 96 communities and 35 sub-districts in NWS; more than 9,000 buildings have been partially or completely destroyed and over 11,000 people have become homeless.",Syria,2023-02-20 17:08:48+00:00,Situation Report,https://reliefweb.int/report/syrian-arab-republic/north-west-syria-flash-update-2-emergency-response-earthquake-20-february-2022,
 Income Generation , 100% ,100% of household's ability to generate income has worsened.,Syria,2023-02-20 15:54:53+00:00,News and Press Release,https://reliefweb.int/report/syrian-arab-republic/critical-economic-situation-syrians-northwest-after-recent-earthquake-warns-irc,
        Building       ,"           25,000               ",Around 25.000 buildings were destroyed.,Türkiye,2023-02-20 13:48:10+00:00,Situation Report,https://reliefweb.int/report/turkiye/unfpa-turkiye-earthquake-situation-report-2-17-february-2023,
       School        ,         270                   ,Education: Local authorities reported that at least 270 schools were damaged by the earthquakes.,Syria,2023-02-17 19:18:03+00:00,Situation Report,https://reliefweb.int/report/syrian-arab-republic/northwest-syria-earthquake-february-2023-bi-weekly-highlights-17022023,
 Shelters , 126 ,Education: At least 454 schools damaged by the earthquake and 126 used as shelters.,Syria,2023-02-17 19:14:48+00:00,Situation Report,https://reliefweb.int/report/syrian-arab-republic/syria-earthquake-february-2023-government-controlled-areas-bi-weekly-highlights-17022023,
 Schools , 454 ,Education: At least 454 schools damaged by the earthquake and 126 used as shelters.,Syria,2023-02-17 19:14:48+00:00,Situation Report,https://reliefweb.int/report/syrian-arab-republic/syria-earthquake-february-2023-government-controlled-areas-bi-weekly-highlights-17022023,
 Buildings            ," 7,200 partially destroyed      ","More than 1,700 buildings have been completely destroyed and more than 7,200 buildings have been partially destroyed Daily highlights Latakia Dozens of aftershocks have hit the governorate following the powerful earthquakes.",Syria,2023-02-17 18:08:13+00:00,Situation Report,https://reliefweb.int/report/syrian-arab-republic/early-recovery-and-livelihoods-sector-hct-eq-response-update-february-17th-2023,
 Buildings            ," 1,700 completely destroyed     ","More than 1,700 buildings have been completely destroyed and more than 7,200 buildings have been partially destroyed Daily highlights Latakia Dozens of aftershocks have hit the governorate following the powerful earthquakes.",Syria,2023-02-17 18:08:13+00:00,Situation Report,https://reliefweb.int/report/syrian-arab-republic/early-recovery-and-livelihoods-sector-hct-eq-response-update-february-17th-2023,
 Buildings ," 12,000 buildings damaged ","As of 16 February 2023, Türkiye's Disaster and Emergency Management Authority (AFAD) reports state that 36,187 people lost their lives, more than 100,000 people were injured and over 12,000 buildings were damaged in the ten provinces.",Türkiye,2023-02-16 18:09:54+00:00,Appeal,https://reliefweb.int/report/turkiye/revised-emergency-appeal-turkiye-europe-region-earthquakes-ndeg-mdrtr004,
 Buildings           ," At least 13,900 partially or completely destroyed","Over 87,000 injuries have been reported and at least 13,900 buildings are partially or completely destroyed.",Syria,2023-02-16 18:01:36+00:00,Situation Report,https://reliefweb.int/report/syrian-arab-republic/syria-turkiye-earthquake-response-ster-situation-report-1-14-february-2023,
 Buildings ," 11,000 ","More than 11,000 buildings were destroyed and many thousands of people were trapped in the rubble.",Türkiye,2023-02-16 13:10:53+00:00,Situation Report,https://reliefweb.int/report/turkiye/turkiye-humanity-first-situation-update-02-15-february-2023,
         Buildings     ,"          24,000                ","More than 24,000 buildings have been damaged or destroyed in the affected areas, and 8,400 of these structures have collapsed.",Syria,2023-02-15 20:49:21+00:00,News and Press Release,https://reliefweb.int/report/syrian-arab-republic/essential-medicines-arrive-syria-post-earthquake,
       Structures      ,"           8,400                ","More than 24,000 buildings have been damaged or destroyed in the affected areas, and 8,400 of these structures have collapsed.",Syria,2023-02-15 20:49:21+00:00,News and Press Release,https://reliefweb.int/report/syrian-arab-republic/essential-medicines-arrive-syria-post-earthquake,
 Houses and workplaces," 211,000 houses                 ","We Mobilized as a State and Nation to Reach Our Cities Hit by the Earthquake Stating that 1 million 850 thousand houses and workplaces in approximately 369 thousand buildings in the earthquake zone have been examined by the teams of the Ministry of Environment, Urbanization and Climate Change, Erdoğan said that according to the first determinations, 211 thousand houses in 47 thousand buildings in the earthquake zone were destroyed and severely damaged.",Türkiye,2023-02-15 00:00:00+00:00,News and Press Release,https://reliefweb.int/report/turkiye/we-will-provide-both-material-and-emotional-support-each-and-every-citizen-entr,
 Buildings            ," 47,000 buildings               ","We Mobilized as a State and Nation to Reach Our Cities Hit by the Earthquake Stating that 1 million 850 thousand houses and workplaces in approximately 369 thousand buildings in the earthquake zone have been examined by the teams of the Ministry of Environment, Urbanization and Climate Change, Erdoğan said that according to the first determinations, 211 thousand houses in 47 thousand buildings in the earthquake zone were destroyed and severely damaged.",Türkiye,2023-02-15 00:00:00+00:00,News and Press Release,https://reliefweb.int/report/turkiye/we-will-provide-both-material-and-emotional-support-each-and-every-citizen-entr,
 N/A                  ," 1,850,000 houses and workplaces","We Mobilized as a State and Nation to Reach Our Cities Hit by the Earthquake Stating that 1 million 850 thousand houses and workplaces in approximately 369 thousand buildings in the earthquake zone have been examined by the teams of the Ministry of Environment, Urbanization and Climate Change, Erdoğan said that according to the first determinations, 211 thousand houses in 47 thousand buildings in the earthquake zone were destroyed and severely damaged.",Türkiye,2023-02-15 00:00:00+00:00,News and Press Release,https://reliefweb.int/report/turkiye/we-will-provide-both-material-and-emotional-support-each-and-every-citizen-entr,
 Schools , 464 ,● Education: At least 464 schools damaged by the earthquake and 126 used as shelters.,Syria,2023-02-14 18:47:31+00:00,Situation Report,https://reliefweb.int/report/syrian-arab-republic/syria-earthquake-february-2023-government-controlled-areas-daily-highlights-14022023,
 Shelters , 126 ,● Education: At least 464 schools damaged by the earthquake and 126 used as shelters.,Syria,2023-02-14 18:47:31+00:00,Situation Report,https://reliefweb.int/report/syrian-arab-republic/syria-earthquake-february-2023-government-controlled-areas-daily-highlights-14022023,
 Buildings ," 7,400+ (completely or partially destroyed) ","More than 7,400 buildings have been completely or partially destroyed.",Syria,2023-02-14 15:35:13+00:00,News and Press Release,https://reliefweb.int/report/syrian-arab-republic/nearly-9-million-people-syria-affected-turkiye-earthquake-un-launches-400-million-funding-appeal,
 Buildings            ," Partially Destroyed: 5,500    ","At least 1,500 buildings have been completely destroyed, and over 5,500 buildings partially destroyed, resulting in over 11,000 families now homeless.",Syria,2023-02-14 15:00:00+00:00,Appeal,https://reliefweb.int/report/syrian-arab-republic/flash-appeal-syrian-arab-republic-earthquake-february-may-2023-enar,
 Buildings            ," Completely Destroyed: 1,500   ","At least 1,500 buildings have been completely destroyed, and over 5,500 buildings partially destroyed, resulting in over 11,000 families now homeless.",Syria,2023-02-14 15:00:00+00:00,Appeal,https://reliefweb.int/report/syrian-arab-republic/flash-appeal-syrian-arab-republic-earthquake-february-may-2023-enar,
 Not mentioned         , 50%                            ,140 farmers were affected and 50% of their crops were lost.,Syria,2023-02-14 08:04:44+00:00,Situation Report,https://reliefweb.int/report/syrian-arab-republic/early-recovery-and-livelihoods-sector-hct-eq-response-update-february-13th-2023,
 Buildings             ," 6,500                         ","Over 6,500 buildings have collapsed in Türkiye, leaving hundreds of thousands homeless in the freezing cold; shelters and evacuations are not enough yet and the situation is dire for those still left on the street.",Türkiye,2023-02-13 20:41:11+00:00,Appeal,https://reliefweb.int/report/turkiye/ibc-appeal-emergency-earthquake-response-turkiye-north-syria-12-february-2023,Türkiye
 Schools             , 453                                ,● Education: At least 453 schools damaged by the earthquake and 126 used as shelters.,Syria,2023-02-13 19:23:05+00:00,Situation Report,https://reliefweb.int/report/syrian-arab-republic/syria-earthquake-february-2023-government-controlled-areas-daily-highlights-13022023,
 Shelters            , 126                                ,● Education: At least 453 schools damaged by the earthquake and 126 used as shelters.,Syria,2023-02-13 19:23:05+00:00,Situation Report,https://reliefweb.int/report/syrian-arab-republic/syria-earthquake-february-2023-government-controlled-areas-daily-highlights-13022023,
 Buildings            ," 6,500                          ","Over 6,500 buildings have collapsed in Türkiye, leaving hundreds of thousands homeless in the freezing cold; shelters and evacuations are not enough yet and the situation is dire for those still left on the street.",Türkiye,2023-02-13 04:04:39+00:00,Situation Report,https://reliefweb.int/report/turkiye/devastating-earthquakes-southern-turkiye-and-northern-syria-sunday-12-february-2023-updated-2359-gmt3-turkiye-syria-earthquakes-day-7-devastation-continues-more-34000-dead-disaster-century,Türkiye
 Buildings              ," 12,000                         ","Over 12,000 buildings have been destroyed and many more are threatening to crumble.",Türkiye,2023-02-13 02:26:53+00:00,News and Press Release,https://reliefweb.int/report/turkiye/earthquake-oxfam-and-partners-aim-reach-nearly-2-million-affected-people-turkiye-and-syria,
 Buildings , 4000+ ,More than 4000 buildings collapsed in Türkiye.,Türkiye,2023-02-12 22:36:11+00:00,Appeal,https://reliefweb.int/report/turkiye/who-flash-appeal-earthquake-response-turkiye-and-whole-syria-10-february-2023,Türkiye
 Buildings             ," Over 7,400 partially or fully damaged ","More than 7,400 buildings have been partially or fully damaged in the north-west alone.",Syria,2023-02-12 19:17:33+00:00,Situation Report,https://reliefweb.int/report/syrian-arab-republic/earthquakes-north-west-syria-flash-update-no-6-12-february-2023,
 School buildings       , At least 454 schools were destroyed and/or damaged ,• At least 454 schools were reported to have been destroyed and/or damaged during the earthquake.,Syria,2023-02-12 19:03:19+00:00,Situation Report,https://reliefweb.int/report/syrian-arab-republic/syrian-arab-republic-humanitarian-country-team-hct-coordinated-response-flash-update-7-earthquake-12-february-2023,
 Buildings ," 8,000+ ","Over 8,000 buildings have collapsed, leaving tens of thousands of people homeless.",Türkiye,2023-02-12 18:26:05+00:00,News and Press Release,https://reliefweb.int/report/turkiye/turkish-businesses-support-response-kahramanmaras-earthquake,
 building               ," 6,444                          ","Official figures confirm that while 6,444 buildings collapsed, more than 11,340 buildings destroyed.",Türkiye,2023-02-11 00:00:00+00:00,Situation Report,https://reliefweb.int/report/turkiye/turkiye-and-syria-earthquake-emergency-situation-update-2,
 building               ," 11,340                         ","Official figures confirm that while 6,444 buildings collapsed, more than 11,340 buildings destroyed.",Türkiye,2023-02-11 00:00:00+00:00,Situation Report,https://reliefweb.int/report/turkiye/turkiye-and-syria-earthquake-emergency-situation-update-2,
 N/A , USD 4 billion ,The ratings agency Fitch preliminary estimates that the earthquake could cause economic losses exceeding USD 4 billion (Fitch Ratings 09/02/2023).,Türkiye,2023-02-11 00:00:00+00:00,Situation Report,https://reliefweb.int/report/turkiye/kahramanmaras-earthquake-operation-federation-wide-situation-report-11-february-2023,
 Buildings             , 1700 (collapsed or damaged)   ,"More than 1,700 buildings have collapsed or been damaged, and communities have only limited machinery to remove rubble.",Syria,2023-02-10 18:52:51+00:00,News and Press Release,https://reliefweb.int/report/syrian-arab-republic/facts-earthquake-disaster-syria,
 Building              ," 6,444                          ","Shelter/NFIs: Official figures stand at 6,444 buildings collapsed, but the disaster management agency received reports of more than 11,340 buildings destroyed.",Türkiye,2023-02-10 18:14:42+00:00,Situation Report,https://reliefweb.int/report/turkiye/turkiye-earthquake-february-2023-daily-highlights-10022023,
 Building              ," 11,340                         ","Shelter/NFIs: Official figures stand at 6,444 buildings collapsed, but the disaster management agency received reports of more than 11,340 buildings destroyed.",Türkiye,2023-02-10 18:14:42+00:00,Situation Report,https://reliefweb.int/report/turkiye/turkiye-earthquake-february-2023-daily-highlights-10022023,
 Hospitals ," 15 hospitals reportedly ""buckled"" ","“Currently, we are coordinating with the shelters that are housing those who have lost their homes and assessing the long- and short-term health care needs, including the mental health needs, of the tens of thousands of people that have been injured.” Because of the earthquake devastation, health facilities and health access have been severely impacted, and some 15 hospitals have reportedly “buckled.""",Türkiye,2023-02-09 17:09:13+00:00,News and Press Release,https://reliefweb.int/report/turkiye/emergency-response-teams-working-around-clock-response-earthquakes-turkiye-and-syria,
 Buildings ," 6,500 buildings (apartments) ","“We know that thousands of people are still under buildings and because more than 6,500 buildings collapsed, and lots of them were apartments between five and 15 floors,” said Gulcin Guresci, CEO of AKUT, a nonprofit volunteer rescue organization that is now focused on helping find people in damaged buildings.",Türkiye,2023-02-08 18:19:17+00:00,News and Press Release,https://reliefweb.int/report/turkiye/death-toll-turkey-and-syria-rises-search-and-rescue-efforts-continue,
 Buildings             ," 1,700                           ","More than 1,700 buildings have already been destroyed in Turkey.",Türkiye,2023-02-08 13:08:57+00:00,News and Press Release,https://reliefweb.int/report/turkiye/hi-responds-violent-earthquake-kills-thousands-turkey-and-syria,Türkiye
 Buildings , 5606 ,"AFAD reports state that 3,432 people lost their lives, 21,103 people were injured and 5,606 buildings were destroyed in ten provinces.",Türkiye,2023-02-08 02:38:47+00:00,Appeal,https://reliefweb.int/report/turkiye/emergency-appeal-turkiye-europe-region-kahramanmaras-earthquake-operation-ndeg-mdrtr004,
 Building , 6000 ,"Nearly 6,000 buildings in the area have collapsed where millions of people call home.",Türkiye,2023-02-07 23:57:28+00:00,News and Press Release,https://reliefweb.int/report/turkiye/7200-dead-34810-wounded-8000-rescued-thousands-personnel-deploy-devastated-southern-turkiye-and-northern-syria-height-earthquake-search-and-rescue,
 Building              , 4758                           ,"Nearly 8,000 people have been rescued from 4,758 buildings destroyed in the tremors a day earlier, Turkiye's Disaster and Emergency Management Authority (AFAD) said in its latest statement.",Türkiye,2023-02-07 22:09:08+00:00,News and Press Release,https://reliefweb.int/report/turkiye/death-toll-likely-surpass-20000-aftermath-multiple-devastating-earthquakes-southern-turkiye-and-northern-syria-entr,
 Building ," 5,775 ","In  Türkiye  about 5,775 buildings collapsed in 10 cities, according to the latest figures.",Türkiye,2023-02-07 19:09:13+00:00,News and Press Release,https://reliefweb.int/report/turkiye/children-sleeping-cars-too-scared-go-inside-while-freezing-conditions-hinder-aid-turkiye-syria-earthquake-zones,Türkiye
      Hospitals       ,          15 (significantly damaged),The Turkish Ministry of Health is reporting at least 15 hospitals were significantly damaged by the earthquake – about half of all hospitals located in the severe impact zones.,Türkiye,2023-02-07 18:22:31+00:00,News and Press Release,https://reliefweb.int/report/turkiye/delivering-urgently-needed-meds-earthquake-impacted-turkey-syria,
 Buildings ," 5,606 ","A total of 5,606 buildings have reportedly been destroyed.",Türkiye,2023-02-07 17:39:55+00:00,News and Press Release,https://reliefweb.int/report/turkiye/afad-press-bulletin-about-earthquake-kahramanmaras-8-entr,
        Buildings      ,      2834     ,A total of 2834 buildings are reported to have been demolished so far.,Türkiye,2023-02-07 17:37:59+00:00,News and Press Release,https://reliefweb.int/report/turkiye/afad-press-bulletin-about-earthquake-kahramanmaras-7-entr,
 Buildings ," 6,000 ","Almost 6,000 buildings have reportedly collapsed in the country, too, said Jens Laerke, spokesperson for the UN Office for the Coordination of Humanitarian Affairs (OCHA).",Syria,2023-02-07 16:49:48+00:00,News and Press Release,https://reliefweb.int/report/syrian-arab-republic/turkiye-syria-quake-latest-full-scale-disaster-still-unfolding-un-humanitarians-warn,
 Buildings , 2834 ,A total of 2834 buildings have reportedly been destroyed.,Türkiye,2023-02-06 14:48:17+00:00,News and Press Release,https://reliefweb.int/report/turkiye/afad-press-bulletin-about-earthquake-kahramanmaras-6-entr,
