Number Mentioned,Metric,Type of loss,text,primary_country,date_posted,format,url,NER_extracted_geolocation
 15 billion , US dollars , Monetary loss ,"Within a few weeks, the estimated cost of damages exceeded US$ 15 billion, with over one million homes destroyed, 2 million acres of crops flooded, and 500 000 kilometres of roads damaged.",Pakistan,2023-04-18 16:35:37+00:00,News and Press Release,https://reliefweb.int/report/pakistan/it-was-just-perfect-storm-malaria-pakistan-responds-surge-cases-following-2022-floods,
 500 000 , kilometers , Infrastructure loss (roads) ,"Within a few weeks, the estimated cost of damages exceeded US$ 15 billion, with over one million homes destroyed, 2 million acres of crops flooded, and 500 000 kilometres of roads damaged.",Pakistan,2023-04-18 16:35:37+00:00,News and Press Release,https://reliefweb.int/report/pakistan/it-was-just-perfect-storm-malaria-pakistan-responds-surge-cases-following-2022-floods,
 1 million , homes , Property loss ,"Within a few weeks, the estimated cost of damages exceeded US$ 15 billion, with over one million homes destroyed, 2 million acres of crops flooded, and 500 000 kilometres of roads damaged.",Pakistan,2023-04-18 16:35:37+00:00,News and Press Release,https://reliefweb.int/report/pakistan/it-was-just-perfect-storm-malaria-pakistan-responds-surge-cases-following-2022-floods,
 2 million , acres , Crop loss ,"Within a few weeks, the estimated cost of damages exceeded US$ 15 billion, with over one million homes destroyed, 2 million acres of crops flooded, and 500 000 kilometres of roads damaged.",Pakistan,2023-04-18 16:35:37+00:00,News and Press Release,https://reliefweb.int/report/pakistan/it-was-just-perfect-storm-malaria-pakistan-responds-surge-cases-following-2022-floods,
" 800,000          ", heads  , Livestock loss ,"The total damages and losses in the agriculture sector amounted to approximately USD 12.9 billion, including damages to 1.7 million hectares of agricultural land and loss of 800 000 heads of livestock.",Pakistan,2023-03-02 13:22:19+00:00,Situation Report,https://reliefweb.int/report/pakistan/pakistan-floods-response-update-february-2023,
 12.9 billion     , USD    , Production loss ,"The total damages and losses in the agriculture sector amounted to approximately USD 12.9 billion, including damages to 1.7 million hectares of agricultural land and loss of 800 000 heads of livestock.",Pakistan,2023-03-02 13:22:19+00:00,Situation Report,https://reliefweb.int/report/pakistan/pakistan-floods-response-update-february-2023,
 1.7 million      , hectares , Crop loss ,"The total damages and losses in the agriculture sector amounted to approximately USD 12.9 billion, including damages to 1.7 million hectares of agricultural land and loss of 800 000 heads of livestock.",Pakistan,2023-03-02 13:22:19+00:00,Situation Report,https://reliefweb.int/report/pakistan/pakistan-floods-response-update-february-2023,
 1.2 million , Livestock , Livestock loss ,More than 1.2 million livestock have been killed and 3 million acres of crops destroyed.,Pakistan,2023-01-18 10:27:53+00:00,Appeal,https://reliefweb.int/report/pakistan/pakistan-crisis-response-plan-2023-2025,
 3 million , Acres , Crop loss ,More than 1.2 million livestock have been killed and 3 million acres of crops destroyed.,Pakistan,2023-01-18 10:27:53+00:00,Appeal,https://reliefweb.int/report/pakistan/pakistan-crisis-response-plan-2023-2025,
 4.4 million , Acres of farmland , Crop loss ,"An estimated 4.4 million acres of farmland - enough to cultivate crops for 14.6 million people – were damaged, and more than 800 000 animals lost in the most recent floods.",Pakistan,2023-01-10 02:24:35+00:00,News and Press Release,https://reliefweb.int/report/pakistan/faos-support-pakistan-immediate-response-resilience-building,
 14.6 million , People who could have been fed , Production loss ,"An estimated 4.4 million acres of farmland - enough to cultivate crops for 14.6 million people – were damaged, and more than 800 000 animals lost in the most recent floods.",Pakistan,2023-01-10 02:24:35+00:00,News and Press Release,https://reliefweb.int/report/pakistan/faos-support-pakistan-immediate-response-resilience-building,
" 800,000 ", Animals , Livestock loss ,"An estimated 4.4 million acres of farmland - enough to cultivate crops for 14.6 million people – were damaged, and more than 800 000 animals lost in the most recent floods.",Pakistan,2023-01-10 02:24:35+00:00,News and Press Release,https://reliefweb.int/report/pakistan/faos-support-pakistan-immediate-response-resilience-building,
 $9 billion , Dollars , Production Loss ,"In all, more than $9 billion in losses were incurred by the agriculture sector.",Pakistan,2023-01-10 02:24:35+00:00,News and Press Release,https://reliefweb.int/report/pakistan/faos-support-pakistan-immediate-response-resilience-building,
 2        , million homes ," Housing loss, Property damage  ","It swept over roads, ruined millions of acres of agricultural land and damaged or destroyed 2 million homes.",Pakistan,2023-01-09 17:10:11+00:00,News and Press Release,https://reliefweb.int/report/pakistan/global-community-must-be-honest-about-brutal-injustice-loss-felt-developing-countries-due-climate-change-secretary-general-tells-conference-pakistan,
 6 million       , tons   , Production loss ,"With the impact of the summer’s floods proving to be even worse than initially anticipated, the 2022/23 rice production estimate is decreased to 6 million tons.",Pakistan,2022-12-25 02:59:26+00:00,Analysis,https://reliefweb.int/report/pakistan/pakistan-grain-and-feed-update,
 3.6             , tons   , Production and export losses    ,"As a result of the expectations for lower domestic supplies, 2022/23 rice exports are also lowered to 3.6 million tons.",Pakistan,2022-12-25 02:59:26+00:00,Analysis,https://reliefweb.int/report/pakistan/pakistan-grain-and-feed-update,
 2023/24 , Crop Planting , N/A ,"Wheat Wheat Planting Progressing Well Despite Challenges The flash floods earlier this year, followed by persistent standing water due to inadequate drainage, created uncertainty about prospects for the timely planting of the 2023/24 wheat crop.",Pakistan,2022-12-25 02:59:26+00:00,Analysis,https://reliefweb.int/report/pakistan/pakistan-grain-and-feed-update,
 2023/24 , Wheat Crop , Production Loss ,"Despite these challenges, seeding of the 2023/24 wheat crop progressed well and is almost complete.",Pakistan,2022-12-25 02:59:26+00:00,Analysis,https://reliefweb.int/report/pakistan/pakistan-grain-and-feed-update,
 10 , Percent , N/A ,"Nonetheless, the likely availability of irrigation water at the canal heads is forecast to be 10 percent higher than last year and 2 percent higher than the 10-year average.",Pakistan,2022-12-25 02:59:26+00:00,Analysis,https://reliefweb.int/report/pakistan/pakistan-grain-and-feed-update,
 2 , Percent , N/A ,"Nonetheless, the likely availability of irrigation water at the canal heads is forecast to be 10 percent higher than last year and 2 percent higher than the 10-year average.",Pakistan,2022-12-25 02:59:26+00:00,Analysis,https://reliefweb.int/report/pakistan/pakistan-grain-and-feed-update,
 14.6 million , People , Food insecurity ,"Food insecurity and malnutrition An estimated 4.4 million acres of crop area, enough to cultivate crop for 14.6 million people remain damaged, and more than 800,000 livestock lost.",Pakistan,2022-12-21 04:38:18+00:00,Situation Report,https://reliefweb.int/report/pakistan/pakistan-2022-floods-response-plan-interim-report-sep-nov-2022-issued-09-dec-2022,
 12.9 , billion USD , Total Agriculture Sector Loss ,"More than US$12.9 billion in losses were incurred by the agriculture sector -comprising crops, livestock, fisheries, and forestry.",Pakistan,2022-12-21 04:38:18+00:00,Situation Report,https://reliefweb.int/report/pakistan/pakistan-2022-floods-response-plan-interim-report-sep-nov-2022-issued-09-dec-2022,
" 800,000 ", Livestock , Livestock loss ,"Food insecurity and malnutrition An estimated 4.4 million acres of crop area, enough to cultivate crop for 14.6 million people remain damaged, and more than 800,000 livestock lost.",Pakistan,2022-12-21 04:38:18+00:00,Situation Report,https://reliefweb.int/report/pakistan/pakistan-2022-floods-response-plan-interim-report-sep-nov-2022-issued-09-dec-2022,
 4.4 million , Acres , Crop loss ,"Food insecurity and malnutrition An estimated 4.4 million acres of crop area, enough to cultivate crop for 14.6 million people remain damaged, and more than 800,000 livestock lost.",Pakistan,2022-12-21 04:38:18+00:00,Situation Report,https://reliefweb.int/report/pakistan/pakistan-2022-floods-response-plan-interim-report-sep-nov-2022-issued-09-dec-2022,
 4.4 million     , Acres     , Crop production    ,"According to reports, more than 4.4 million acres of agricultural land have been destroyed.",Pakistan,2022-12-20 00:31:02+00:00,News and Press Release,https://reliefweb.int/report/pakistan/factsheet-sindh-water-and-agriculture-transformation-project,
" 500,000 ", Farmers , N/A ,Irrigation and flood protection systems serving over half a million farmers on 5.1 million hectares of farmland have been severely damaged.,Pakistan,2022-12-20 00:31:02+00:00,News and Press Release,https://reliefweb.int/report/pakistan/factsheet-sindh-water-and-agriculture-transformation-project,
 5.1 million , Hectares of farmland , N/A ,Irrigation and flood protection systems serving over half a million farmers on 5.1 million hectares of farmland have been severely damaged.,Pakistan,2022-12-20 00:31:02+00:00,News and Press Release,https://reliefweb.int/report/pakistan/factsheet-sindh-water-and-agriculture-transformation-project,
 538 , Units , Infrastructure Loss - Irrigation systems ,"More than 538 irrigation and 234 drainage systems, representing an estimated 7,300 kilometers of canals, have been destroyed.",Pakistan,2022-12-20 00:31:02+00:00,News and Press Release,https://reliefweb.int/report/pakistan/factsheet-sindh-water-and-agriculture-transformation-project,
 234 , Units , Infrastructure Loss - Drainage systems ,"More than 538 irrigation and 234 drainage systems, representing an estimated 7,300 kilometers of canals, have been destroyed.",Pakistan,2022-12-20 00:31:02+00:00,News and Press Release,https://reliefweb.int/report/pakistan/factsheet-sindh-water-and-agriculture-transformation-project,
" 7,300 ", Kilometers , Infrastructure Loss - Canals ,"More than 538 irrigation and 234 drainage systems, representing an estimated 7,300 kilometers of canals, have been destroyed.",Pakistan,2022-12-20 00:31:02+00:00,News and Press Release,https://reliefweb.int/report/pakistan/factsheet-sindh-water-and-agriculture-transformation-project,
 90 , Flood protection structures , Infrastructure loss ,"Approximately 90 flood protection structures have been washed away, leaving agricultural land and millions of households unprotected for upcoming rainy seasons.",Pakistan,2022-12-20 00:31:02+00:00,News and Press Release,https://reliefweb.int/report/pakistan/factsheet-sindh-water-and-agriculture-transformation-project,
 5.1 million , Hectares of farmland , N/A ,Irrigation and flood protection systems serving more than half a million farmers on 5.1 million hectares of farmland have been severely damaged.,Pakistan,2022-12-20 00:22:35+00:00,News and Press Release,https://reliefweb.int/report/pakistan/factsheet-sindh-flood-emergency-rehabilitation-project,
" 500,000 ", Farmers , N/A ,Irrigation and flood protection systems serving more than half a million farmers on 5.1 million hectares of farmland have been severely damaged.,Pakistan,2022-12-20 00:22:35+00:00,News and Press Release,https://reliefweb.int/report/pakistan/factsheet-sindh-flood-emergency-rehabilitation-project,
 61% , - , Production loss ,"Damage amounted to 10.5 million tons, or a 61% loss of the expected production of sugarcane.",Pakistan,2022-12-20 00:12:30+00:00,Assessment,https://reliefweb.int/report/pakistan/2022-pakistan-floods-assessment-crop-losses-sindh-province-using-satellite-data,
 10.5 million , Tons , Production loss ,"Damage amounted to 10.5 million tons, or a 61% loss of the expected production of sugarcane.",Pakistan,2022-12-20 00:12:30+00:00,Assessment,https://reliefweb.int/report/pakistan/2022-pakistan-floods-assessment-crop-losses-sindh-province-using-satellite-data,
 33 million , People , N/A ,"The government said a total of more than 33 million people were affected and indicated there was at least $10 billion in damage, including more than 1 million animals killed and crops wiped out.",Pakistan,2022-12-06 19:30:29+00:00,News and Press Release,https://reliefweb.int/report/pakistan/pakistan-more-1200-people-receive-aid-wake-devastating-flooding,
 $10 billion , USD , Economic/property damage ,"The government said a total of more than 33 million people were affected and indicated there was at least $10 billion in damage, including more than 1 million animals killed and crops wiped out.",Pakistan,2022-12-06 19:30:29+00:00,News and Press Release,https://reliefweb.int/report/pakistan/pakistan-more-1200-people-receive-aid-wake-devastating-flooding,
 1 million , Animals , Livestock loss ,"The government said a total of more than 33 million people were affected and indicated there was at least $10 billion in damage, including more than 1 million animals killed and crops wiped out.",Pakistan,2022-12-06 19:30:29+00:00,News and Press Release,https://reliefweb.int/report/pakistan/pakistan-more-1200-people-receive-aid-wake-devastating-flooding,
 9.3    , million US dollars ," Agriculture, food, livestock and fisheries loss ","The agriculture, food, livestock and fisheries sector faced a US$9.3 million loss.",Pakistan,2022-12-06 12:05:32+00:00,Situation Report,https://reliefweb.int/report/pakistan/wfp-pakistan-country-brief-october-2022,
 28 September 2022 , Date , N/A ,"As of 28 September 2022, hundreds of thousands of homes, roads, bridges, schools, and hospitals have been damaged or destroyed, 4.4 million acres of crops have been ruined, and over 1,600 lives have been lost.",Pakistan,2022-11-05 02:03:17+00:00,Analysis,https://reliefweb.int/report/pakistan/land-aching-extreme-climate-change-induced-flooding-pakistan,
 4.4 million , Acres , Crop Loss ,"As of 28 September 2022, hundreds of thousands of homes, roads, bridges, schools, and hospitals have been damaged or destroyed, 4.4 million acres of crops have been ruined, and over 1,600 lives have been lost.",Pakistan,2022-11-05 02:03:17+00:00,Analysis,https://reliefweb.int/report/pakistan/land-aching-extreme-climate-change-induced-flooding-pakistan,
" over 1,600 ", Count , Human Lives Lost ,"As of 28 September 2022, hundreds of thousands of homes, roads, bridges, schools, and hospitals have been damaged or destroyed, 4.4 million acres of crops have been ruined, and over 1,600 lives have been lost.",Pakistan,2022-11-05 02:03:17+00:00,Analysis,https://reliefweb.int/report/pakistan/land-aching-extreme-climate-change-induced-flooding-pakistan,
     1.8 million     , hectares of agricultural land ,"  crop loss, livestock loss, forestry loss, agriculture infrastructure loss ","Their homes have been destroyed as well as schools, hospitals, nearly 1.8 million ha of agricultural land, livestock assets, forests and critical agricultural infrastructure.",Pakistan,2022-11-04 18:12:24+00:00,News and Press Release,https://reliefweb.int/report/pakistan/pakistan-belgiums-contribution-through-special-fund-emergency-and-rehabilitation-activities-sfera,
" 800,000", livestock   , Livestock              ,"In addition, 2 million homes and 80,000 hectares of farmland were destroyed, with 800,000 livestock killed.",Pakistan,2022-10-18 17:15:34+00:00,News and Press Release,https://reliefweb.int/report/pakistan/pakistan-aid-families-affected-flooding,
 2      , million     , Stocks/Crops/Livestock ,"In addition, 2 million homes and 80,000 hectares of farmland were destroyed, with 800,000 livestock killed.",Pakistan,2022-10-18 17:15:34+00:00,News and Press Release,https://reliefweb.int/report/pakistan/pakistan-aid-families-affected-flooding,
" 80,000 ", hectares    , Crops                  ,"In addition, 2 million homes and 80,000 hectares of farmland were destroyed, with 800,000 livestock killed.",Pakistan,2022-10-18 17:15:34+00:00,News and Press Release,https://reliefweb.int/report/pakistan/pakistan-aid-families-affected-flooding,
" 13,000 ", km , Road Damage ,"Widespread damage has been reported to over 2 million houses, more than 1.1 million livestock has been lost and more than 13,000 km of roads and 440 bridges have been affected.",Pakistan,2022-10-05 11:35:08+00:00,News and Press Release,https://reliefweb.int/report/pakistan/pakistan-monsoon-rains-update-dg-echo-ndma-pmd-echo-daily-flash-05-october-2022,
 440 , Bridges , Infrastructure Damage ,"Widespread damage has been reported to over 2 million houses, more than 1.1 million livestock has been lost and more than 13,000 km of roads and 440 bridges have been affected.",Pakistan,2022-10-05 11:35:08+00:00,News and Press Release,https://reliefweb.int/report/pakistan/pakistan-monsoon-rains-update-dg-echo-ndma-pmd-echo-daily-flash-05-october-2022,
" 2,000,000 ", Houses , Property Damage ,"Widespread damage has been reported to over 2 million houses, more than 1.1 million livestock has been lost and more than 13,000 km of roads and 440 bridges have been affected.",Pakistan,2022-10-05 11:35:08+00:00,News and Press Release,https://reliefweb.int/report/pakistan/pakistan-monsoon-rains-update-dg-echo-ndma-pmd-echo-daily-flash-05-october-2022,
" 1,100,000 ", Livestock , Animal Loss ,"Widespread damage has been reported to over 2 million houses, more than 1.1 million livestock has been lost and more than 13,000 km of roads and 440 bridges have been affected.",Pakistan,2022-10-05 11:35:08+00:00,News and Press Release,https://reliefweb.int/report/pakistan/pakistan-monsoon-rains-update-dg-echo-ndma-pmd-echo-daily-flash-05-october-2022,
" 13,000 ", km , infrastructure loss ,"The epic floods also damaged or destroyed millions of acres of food crops, over two million homes, 13,000km of roads and more than 400 bridges.",Pakistan,2022-10-05 00:34:10+00:00,News and Press Release,https://reliefweb.int/report/pakistan/pakistan-faces-monumental-hunger-crisis-after-floods,
 more than 400 , bridges , infrastructure loss ,"The epic floods also damaged or destroyed millions of acres of food crops, over two million homes, 13,000km of roads and more than 400 bridges.",Pakistan,2022-10-05 00:34:10+00:00,News and Press Release,https://reliefweb.int/report/pakistan/pakistan-faces-monumental-hunger-crisis-after-floods,
 2022 , Year , N/A ,"Despite record plantings, the 2022 wheat output is officially estimated at a near-average level of 26.1 million tonnes as yields were affected by heatwaves between March and April, and shortages of urea fertilizers and irrigation water supplies.",Pakistan,2022-10-04 19:30:55+00:00,News and Press Release,https://reliefweb.int/report/pakistan/giews-country-brief-pakistan-04-october-2022,
 26.1 , Million Tonnes , Production Loss ,"Despite record plantings, the 2022 wheat output is officially estimated at a near-average level of 26.1 million tonnes as yields were affected by heatwaves between March and April, and shortages of urea fertilizers and irrigation water supplies.",Pakistan,2022-10-04 19:30:55+00:00,News and Press Release,https://reliefweb.int/report/pakistan/giews-country-brief-pakistan-04-october-2022,
 2022/23 , Wheat crop planting operations , Production loss ,"As many areas are still flooded, planting operations for the 2022/23 wheat crop are expected to be severely hampered.",Pakistan,2022-10-04 19:30:55+00:00,News and Press Release,https://reliefweb.int/report/pakistan/giews-country-brief-pakistan-04-october-2022,
 9.4 million , tonnes , Production loss ,"The production forecasts of 13.2 million tonnes for rice and 9.4 million tonnes for maize, sorghum and millet will need to be downward revised to take into consideration the extensive losses due to floods.",Pakistan,2022-10-04 19:30:55+00:00,News and Press Release,https://reliefweb.int/report/pakistan/giews-country-brief-pakistan-04-october-2022,
 13.2 million , tonnes , Production loss ,"The production forecasts of 13.2 million tonnes for rice and 9.4 million tonnes for maize, sorghum and millet will need to be downward revised to take into consideration the extensive losses due to floods.",Pakistan,2022-10-04 19:30:55+00:00,News and Press Release,https://reliefweb.int/report/pakistan/giews-country-brief-pakistan-04-october-2022,
   67  ,  Percent  ,  Infrastructure loss (irrigation systems)    ,"Agriculture infrastructure was also badly affected, including irrigation systems (67 per cent KIs reported severe damages) and farm-to-market roads.",Pakistan,2022-10-04 06:56:26+00:00,Assessment,https://reliefweb.int/report/pakistan/pakistan-2022-multi-sector-rapid-needs-assessment-flood-affected-areas-khyber-pakhtunkhwa-punjab-and-sindh-september-2022,
 16822 , Hectares , Crops loss ,"The devastations to agriculture includes rice 16822 htr, maize 9011 htr, fodder crops 3988 htr, vegetables 9011 htr, fruits & horticulture 4945 htr and agri-land as 107220 htr.",Pakistan,2022-10-04 05:57:35+00:00,Assessment,https://reliefweb.int/report/pakistan/detail-needs-assessment-flood-emergency-kp-25th-sep-2022,
 3988 , Hectares , Crops loss ,"The devastations to agriculture includes rice 16822 htr, maize 9011 htr, fodder crops 3988 htr, vegetables 9011 htr, fruits & horticulture 4945 htr and agri-land as 107220 htr.",Pakistan,2022-10-04 05:57:35+00:00,Assessment,https://reliefweb.int/report/pakistan/detail-needs-assessment-flood-emergency-kp-25th-sep-2022,
 9011 , Hectares , Crops loss ,"The devastations to agriculture includes rice 16822 htr, maize 9011 htr, fodder crops 3988 htr, vegetables 9011 htr, fruits & horticulture 4945 htr and agri-land as 107220 htr.",Pakistan,2022-10-04 05:57:35+00:00,Assessment,https://reliefweb.int/report/pakistan/detail-needs-assessment-flood-emergency-kp-25th-sep-2022,
 4945 , Hectares , Crops loss ,"The devastations to agriculture includes rice 16822 htr, maize 9011 htr, fodder crops 3988 htr, vegetables 9011 htr, fruits & horticulture 4945 htr and agri-land as 107220 htr.",Pakistan,2022-10-04 05:57:35+00:00,Assessment,https://reliefweb.int/report/pakistan/detail-needs-assessment-flood-emergency-kp-25th-sep-2022,
 107220 , Hectares , Agricultural land loss ,"The devastations to agriculture includes rice 16822 htr, maize 9011 htr, fodder crops 3988 htr, vegetables 9011 htr, fruits & horticulture 4945 htr and agri-land as 107220 htr.",Pakistan,2022-10-04 05:57:35+00:00,Assessment,https://reliefweb.int/report/pakistan/detail-needs-assessment-flood-emergency-kp-25th-sep-2022,
 9011 , Hectares , Crops loss ,"The devastations to agriculture includes rice 16822 htr, maize 9011 htr, fodder crops 3988 htr, vegetables 9011 htr, fruits & horticulture 4945 htr and agri-land as 107220 htr.",Pakistan,2022-10-04 05:57:35+00:00,Assessment,https://reliefweb.int/report/pakistan/detail-needs-assessment-flood-emergency-kp-25th-sep-2022,
" 1,400           ", People   , Death                 ,"The flooding, caused by record monsoon rain and glacial melt, has affected 33 million people and killed almost 1,400, washing away homes, roads, railways, livestock, and crops.",Pakistan,2022-09-27 15:23:00+00:00,News and Press Release,https://reliefweb.int/report/pakistan/pakistan-salesian-missionaries-respond-devastating-flooding,
 33 million      , People   , NA              ,"The flooding, caused by record monsoon rain and glacial melt, has affected 33 million people and killed almost 1,400, washing away homes, roads, railways, livestock, and crops.",Pakistan,2022-09-27 15:23:00+00:00,News and Press Release,https://reliefweb.int/report/pakistan/pakistan-salesian-missionaries-respond-devastating-flooding,
" 936,000 ", Number of heads of livestock , Livestock loss ,"It also destroyed 390 vital bridges, 24,000 schools and educational institutes, and 1,460 health centres, in addition to the destruction of millions of hectares of land and agricultural crops, and the death of 936,000 heads of livestock, NDMA's statistics said.",Pakistan,2022-09-26 08:14:40+00:00,News and Press Release,https://reliefweb.int/report/pakistan/emirati-development-projects-pakistan-contribute-reducing-effects-flood-disaster,
" 1,460 ", Number of health centres , Healthcare loss ,"It also destroyed 390 vital bridges, 24,000 schools and educational institutes, and 1,460 health centres, in addition to the destruction of millions of hectares of land and agricultural crops, and the death of 936,000 heads of livestock, NDMA's statistics said.",Pakistan,2022-09-26 08:14:40+00:00,News and Press Release,https://reliefweb.int/report/pakistan/emirati-development-projects-pakistan-contribute-reducing-effects-flood-disaster,
" 24,000 ", Number of schools and educational institutes , Education loss ,"It also destroyed 390 vital bridges, 24,000 schools and educational institutes, and 1,460 health centres, in addition to the destruction of millions of hectares of land and agricultural crops, and the death of 936,000 heads of livestock, NDMA's statistics said.",Pakistan,2022-09-26 08:14:40+00:00,News and Press Release,https://reliefweb.int/report/pakistan/emirati-development-projects-pakistan-contribute-reducing-effects-flood-disaster,
 390 , Number of bridges , Infrastructure loss ,"It also destroyed 390 vital bridges, 24,000 schools and educational institutes, and 1,460 health centres, in addition to the destruction of millions of hectares of land and agricultural crops, and the death of 936,000 heads of livestock, NDMA's statistics said.",Pakistan,2022-09-26 08:14:40+00:00,News and Press Release,https://reliefweb.int/report/pakistan/emirati-development-projects-pakistan-contribute-reducing-effects-flood-disaster,
 4.4 , Percentage , Production gain ,Agriculture output increased by 4.4% in FY2022 supported by strong performances in crops and livestock.,Pakistan,2022-09-22 00:52:54+00:00,News and Press Release,https://reliefweb.int/report/pakistan/pakistan-economy-slow-2023-amid-strong-climate-headwinds-adb,
 1.7 million     , homes      , stocks loss                                                ,"Infrastructure in the flooding’s path has been decimated, with more than 1.7 million homes, an estimated 13.8 million acres of cropland, thousands of miles of road and hundreds of bridges damaged or destroyed.",Pakistan,2022-09-15 23:25:36+00:00,News and Press Release,https://reliefweb.int/report/pakistan/united-states-providing-20-million-additional-humanitarian-assistance-response-flooding-pakistan,
 13.8 million    , acres      , crops loss                                                 ,"Infrastructure in the flooding’s path has been decimated, with more than 1.7 million homes, an estimated 13.8 million acres of cropland, thousands of miles of road and hundreds of bridges damaged or destroyed.",Pakistan,2022-09-15 23:25:36+00:00,News and Press Release,https://reliefweb.int/report/pakistan/united-states-providing-20-million-additional-humanitarian-assistance-response-flooding-pakistan,
" 900,000 ", Count , Livestock Loss ,"Large areas of agricultural land have been submerged and 900,000 livestock have been lost, leading to fears of a food crisis in the coming months.",Pakistan,2022-09-15 09:30:41+00:00,News and Press Release,https://reliefweb.int/report/pakistan/dec-pakistan-floods-appeal-raises-ps25m-two-weeks-rains-return-worst-hit-areas,
 1/3             , Proportion       , Crops Loss         ,"At its peak, flood waters submerged approximately one-third of the country, washed away crops, and destroyed or damaged more than 1.7 million homes, critical infrastructure, and thousands of miles of roads that had previously connected towns and cities.",Pakistan,2022-09-13 20:33:43+00:00,News and Press Release,https://reliefweb.int/report/pakistan/three-ways-usaid-responding-flooding-pakistan,
 1.7 million     , Quantity         , Homes Loss         ,"At its peak, flood waters submerged approximately one-third of the country, washed away crops, and destroyed or damaged more than 1.7 million homes, critical infrastructure, and thousands of miles of roads that had previously connected towns and cities.",Pakistan,2022-09-13 20:33:43+00:00,News and Press Release,https://reliefweb.int/report/pakistan/three-ways-usaid-responding-flooding-pakistan,
 13              , People       , Human lives loss                                       ,"A number that includes nearly 2 million homes, almost 4.5 million acres of farmland, nearly 6,600 kilometers of roads, nearly 19,000 schools damaged or destroyed, and more than 13 people whose lives have been taken, over a third of them children.",Pakistan,2022-09-10 19:41:39+00:00,News and Press Release,https://reliefweb.int/report/pakistan/administrator-samantha-power-press-conference-us-ambassador-pakistan-donald-blome,
 More than 1/3   , People       , Children's lives loss                                   ,"A number that includes nearly 2 million homes, almost 4.5 million acres of farmland, nearly 6,600 kilometers of roads, nearly 19,000 schools damaged or destroyed, and more than 13 people whose lives have been taken, over a third of them children.",Pakistan,2022-09-10 19:41:39+00:00,News and Press Release,https://reliefweb.int/report/pakistan/administrator-samantha-power-press-conference-us-ambassador-pakistan-donald-blome,
 More than 13    , People       ," Human lives loss (specifically, 13 is a portion of them) ","A number that includes nearly 2 million homes, almost 4.5 million acres of farmland, nearly 6,600 kilometers of roads, nearly 19,000 schools damaged or destroyed, and more than 13 people whose lives have been taken, over a third of them children.",Pakistan,2022-09-10 19:41:39+00:00,News and Press Release,https://reliefweb.int/report/pakistan/administrator-samantha-power-press-conference-us-ambassador-pakistan-donald-blome,
 4.5 million     , Acres        , Farmland loss                                          ,"A number that includes nearly 2 million homes, almost 4.5 million acres of farmland, nearly 6,600 kilometers of roads, nearly 19,000 schools damaged or destroyed, and more than 13 people whose lives have been taken, over a third of them children.",Pakistan,2022-09-10 19:41:39+00:00,News and Press Release,https://reliefweb.int/report/pakistan/administrator-samantha-power-press-conference-us-ambassador-pakistan-donald-blome,
" 19,000          ", Schools      ," Property damage/destruction, education disruption     ","A number that includes nearly 2 million homes, almost 4.5 million acres of farmland, nearly 6,600 kilometers of roads, nearly 19,000 schools damaged or destroyed, and more than 13 people whose lives have been taken, over a third of them children.",Pakistan,2022-09-10 19:41:39+00:00,News and Press Release,https://reliefweb.int/report/pakistan/administrator-samantha-power-press-conference-us-ambassador-pakistan-donald-blome,
" 6,600           ", Kilometers   , Road damage/destruction                                ,"A number that includes nearly 2 million homes, almost 4.5 million acres of farmland, nearly 6,600 kilometers of roads, nearly 19,000 schools damaged or destroyed, and more than 13 people whose lives have been taken, over a third of them children.",Pakistan,2022-09-10 19:41:39+00:00,News and Press Release,https://reliefweb.int/report/pakistan/administrator-samantha-power-press-conference-us-ambassador-pakistan-donald-blome,
 2 million       , Homes        , Property loss                                          ,"A number that includes nearly 2 million homes, almost 4.5 million acres of farmland, nearly 6,600 kilometers of roads, nearly 19,000 schools damaged or destroyed, and more than 13 people whose lives have been taken, over a third of them children.",Pakistan,2022-09-10 19:41:39+00:00,News and Press Release,https://reliefweb.int/report/pakistan/administrator-samantha-power-press-conference-us-ambassador-pakistan-donald-blome,
" 1,300  ", Count  , Loss of life  ,"More than 1,300 fatalities have been reported, over 950,000 houses either damaged or fully wrecked and 2 million acres of crops destroyed.",Pakistan,2022-09-09 18:35:24+00:00,Situation Report,https://reliefweb.int/report/pakistan/unhcr-regional-bureau-asia-and-pacific-rbap-flash-update-pakistan-floods-9-september-2022,
" 950,000 ", Count , Housing damage ,"More than 1,300 fatalities have been reported, over 950,000 houses either damaged or fully wrecked and 2 million acres of crops destroyed.",Pakistan,2022-09-09 18:35:24+00:00,Situation Report,https://reliefweb.int/report/pakistan/unhcr-regional-bureau-asia-and-pacific-rbap-flash-update-pakistan-floods-9-september-2022,
 2 million , Acres , Crop destruction ,"More than 1,300 fatalities have been reported, over 950,000 houses either damaged or fully wrecked and 2 million acres of crops destroyed.",Pakistan,2022-09-09 18:35:24+00:00,Situation Report,https://reliefweb.int/report/pakistan/unhcr-regional-bureau-asia-and-pacific-rbap-flash-update-pakistan-floods-9-september-2022,
" 750,000 ", Livestock , Livestock Loss ,"Food insecurity is looming following the loss of 750,000 livestock and additional spoiled agricultural produce.",Pakistan,2022-09-09 11:29:53+00:00,News and Press Release,https://reliefweb.int/report/pakistan/salvation-army-responds-pakistan-flooding,
" 800,000 ", livestock , Livestock loss ,"Agriculture has also been destroyed, with the floods ruining more than 3.6 million acres of crops and killing over 800,000 livestock.",Pakistan,2022-09-09 10:23:59+00:00,News and Press Release,https://reliefweb.int/report/pakistan/mercy-relief-responds-devastating-floods-pakistan,
 3.6 million , acres , Crop loss ,"Agriculture has also been destroyed, with the floods ruining more than 3.6 million acres of crops and killing over 800,000 livestock.",Pakistan,2022-09-09 10:23:59+00:00,News and Press Release,https://reliefweb.int/report/pakistan/mercy-relief-responds-devastating-floods-pakistan,
 45              ,             , Shops destroyed ,"Meanwhile, 1498976 (including 487410 fully and 1011566 partially) houses have been damaged, moreover, 2578 KM roads infrastructures have vanished, 45 shops have been destructed, 26815 animals perished and out of which 24144 losses have been reported by Sindh Livestock Department, 3,277,502 acres of cultivated land have also damaged and 63 Bridges are collapsed.",Pakistan,2022-09-08 11:20:13+00:00,Appeal,https://reliefweb.int/report/pakistan/islamic-relief-pakistan-irp-emergency-response-plan-pakistan-monsoon-floods-2022-date-created-29-july-2022-date-last-update-07-september-2022,
 70% , Percentage , Crops loss ,"In rural areas, almost 70% of crops in the district are badly affected and damaged due to heavy rains.",Pakistan,2022-09-08 11:20:13+00:00,Appeal,https://reliefweb.int/report/pakistan/islamic-relief-pakistan-irp-emergency-response-plan-pakistan-monsoon-floods-2022-date-created-29-july-2022-date-last-update-07-september-2022,
 63              ,             , Bridges Collapsed ,"Meanwhile, 1498976 (including 487410 fully and 1011566 partially) houses have been damaged, moreover, 2578 KM roads infrastructures have vanished, 45 shops have been destructed, 26815 animals perished and out of which 24144 losses have been reported by Sindh Livestock Department, 3,277,502 acres of cultivated land have also damaged and 63 Bridges are collapsed.",Pakistan,2022-09-08 11:20:13+00:00,Appeal,https://reliefweb.int/report/pakistan/islamic-relief-pakistan-irp-emergency-response-plan-pakistan-monsoon-floods-2022-date-created-29-july-2022-date-last-update-07-september-2022,
 24144           , Animals      , Reported losses (by Sindh Livestock Department) ,"Meanwhile, 1498976 (including 487410 fully and 1011566 partially) houses have been damaged, moreover, 2578 KM roads infrastructures have vanished, 45 shops have been destructed, 26815 animals perished and out of which 24144 losses have been reported by Sindh Livestock Department, 3,277,502 acres of cultivated land have also damaged and 63 Bridges are collapsed.",Pakistan,2022-09-08 11:20:13+00:00,Appeal,https://reliefweb.int/report/pakistan/islamic-relief-pakistan-irp-emergency-response-plan-pakistan-monsoon-floods-2022-date-created-29-july-2022-date-last-update-07-september-2022,
 26815           , Animals      , Perished ,"Meanwhile, 1498976 (including 487410 fully and 1011566 partially) houses have been damaged, moreover, 2578 KM roads infrastructures have vanished, 45 shops have been destructed, 26815 animals perished and out of which 24144 losses have been reported by Sindh Livestock Department, 3,277,502 acres of cultivated land have also damaged and 63 Bridges are collapsed.",Pakistan,2022-09-08 11:20:13+00:00,Appeal,https://reliefweb.int/report/pakistan/islamic-relief-pakistan-irp-emergency-response-plan-pakistan-monsoon-floods-2022-date-created-29-july-2022-date-last-update-07-september-2022,
 3277502         , Acres        , Cultivated Land Damage ,"Meanwhile, 1498976 (including 487410 fully and 1011566 partially) houses have been damaged, moreover, 2578 KM roads infrastructures have vanished, 45 shops have been destructed, 26815 animals perished and out of which 24144 losses have been reported by Sindh Livestock Department, 3,277,502 acres of cultivated land have also damaged and 63 Bridges are collapsed.",Pakistan,2022-09-08 11:20:13+00:00,Appeal,https://reliefweb.int/report/pakistan/islamic-relief-pakistan-irp-emergency-response-plan-pakistan-monsoon-floods-2022-date-created-29-july-2022-date-last-update-07-september-2022,
 2578            , KM           , Road infrastructure ,"Meanwhile, 1498976 (including 487410 fully and 1011566 partially) houses have been damaged, moreover, 2578 KM roads infrastructures have vanished, 45 shops have been destructed, 26815 animals perished and out of which 24144 losses have been reported by Sindh Livestock Department, 3,277,502 acres of cultivated land have also damaged and 63 Bridges are collapsed.",Pakistan,2022-09-08 11:20:13+00:00,Appeal,https://reliefweb.int/report/pakistan/islamic-relief-pakistan-irp-emergency-response-plan-pakistan-monsoon-floods-2022-date-created-29-july-2022-date-last-update-07-september-2022,
 1011566         , Houses       , Partially damaged ,"Meanwhile, 1498976 (including 487410 fully and 1011566 partially) houses have been damaged, moreover, 2578 KM roads infrastructures have vanished, 45 shops have been destructed, 26815 animals perished and out of which 24144 losses have been reported by Sindh Livestock Department, 3,277,502 acres of cultivated land have also damaged and 63 Bridges are collapsed.",Pakistan,2022-09-08 11:20:13+00:00,Appeal,https://reliefweb.int/report/pakistan/islamic-relief-pakistan-irp-emergency-response-plan-pakistan-monsoon-floods-2022-date-created-29-july-2022-date-last-update-07-september-2022,
 487410          , Houses       , Fully damaged   ,"Meanwhile, 1498976 (including 487410 fully and 1011566 partially) houses have been damaged, moreover, 2578 KM roads infrastructures have vanished, 45 shops have been destructed, 26815 animals perished and out of which 24144 losses have been reported by Sindh Livestock Department, 3,277,502 acres of cultivated land have also damaged and 63 Bridges are collapsed.",Pakistan,2022-09-08 11:20:13+00:00,Appeal,https://reliefweb.int/report/pakistan/islamic-relief-pakistan-irp-emergency-response-plan-pakistan-monsoon-floods-2022-date-created-29-july-2022-date-last-update-07-september-2022,
 1498976         , Houses       , Damage          ,"Meanwhile, 1498976 (including 487410 fully and 1011566 partially) houses have been damaged, moreover, 2578 KM roads infrastructures have vanished, 45 shops have been destructed, 26815 animals perished and out of which 24144 losses have been reported by Sindh Livestock Department, 3,277,502 acres of cultivated land have also damaged and 63 Bridges are collapsed.",Pakistan,2022-09-08 11:20:13+00:00,Appeal,https://reliefweb.int/report/pakistan/islamic-relief-pakistan-irp-emergency-response-plan-pakistan-monsoon-floods-2022-date-created-29-july-2022-date-last-update-07-september-2022,
" 750,000 ", livestock , Livestock loss ,"During the flooding, food stocks and supplies were swept away, over 3.6 million acres and over three quarters of a million livestock lost, leaving people in need of food support in the immediate and longer term.",Pakistan,2022-09-07 15:54:22+00:00,News and Press Release,https://reliefweb.int/report/pakistan/disaster-beyond-disaster-sheer-scale-pakistan-flooding-becomes-clear-leaving-thousands-stranded-hungry-and-health-crisis-looming,
 3.6 million , acres , Crop loss ,"During the flooding, food stocks and supplies were swept away, over 3.6 million acres and over three quarters of a million livestock lost, leaving people in need of food support in the immediate and longer term.",Pakistan,2022-09-07 15:54:22+00:00,News and Press Release,https://reliefweb.int/report/pakistan/disaster-beyond-disaster-sheer-scale-pakistan-flooding-becomes-clear-leaving-thousands-stranded-hungry-and-health-crisis-looming,
"     800,000     ", hectares , crops production loss   ,"In addition, government officials report over 800,000 hectares of agricultural land has already been destroyed and around 730,500 livestock lost, leaving several farmers without livelihoods to provide for their own families.",Pakistan,2022-09-06 11:14:37+00:00,News and Press Release,https://reliefweb.int/report/pakistan/immediate-relief-needed-victims-impacted-extreme-flooding-pakistan,
"     730,500     ",          , livestock loss          ,"In addition, government officials report over 800,000 hectares of agricultural land has already been destroyed and around 730,500 livestock lost, leaving several farmers without livelihoods to provide for their own families.",Pakistan,2022-09-06 11:14:37+00:00,News and Press Release,https://reliefweb.int/report/pakistan/immediate-relief-needed-victims-impacted-extreme-flooding-pakistan,
" 700,000 ", Count , Livestock loss ,"Thousands of hectares of agricultural land are flooded, a large proportion of this year’s harvest is unusable and around 700,000 livestock have died.",Pakistan,2022-09-05 10:07:37+00:00,News and Press Release,https://reliefweb.int/report/pakistan/germany-helping-pakistan-tackle-flooding,
 160 , Number of Bridges , Infrastructure Loss ,"“Relief and rescue operations are still extremely hard to carry out - around 160 bridges and 5,000 kilometres (3,200 miles) of roads have been destroyed or damaged, 3.5 million acres of crops affected and about 800,000 livestock lost.",Pakistan,2022-09-04 15:51:22+00:00,News and Press Release,https://reliefweb.int/report/pakistan/unicef-geneva-palais-briefing-note-impact-pakistan-floods-children-and-families-and-unicefs-response,
" 5,000 ", Kilometers , Infrastructure Loss ,"“Relief and rescue operations are still extremely hard to carry out - around 160 bridges and 5,000 kilometres (3,200 miles) of roads have been destroyed or damaged, 3.5 million acres of crops affected and about 800,000 livestock lost.",Pakistan,2022-09-04 15:51:22+00:00,News and Press Release,https://reliefweb.int/report/pakistan/unicef-geneva-palais-briefing-note-impact-pakistan-floods-children-and-families-and-unicefs-response,
 3.5 million , Acres , Crop Loss ,"“Relief and rescue operations are still extremely hard to carry out - around 160 bridges and 5,000 kilometres (3,200 miles) of roads have been destroyed or damaged, 3.5 million acres of crops affected and about 800,000 livestock lost.",Pakistan,2022-09-04 15:51:22+00:00,News and Press Release,https://reliefweb.int/report/pakistan/unicef-geneva-palais-briefing-note-impact-pakistan-floods-children-and-families-and-unicefs-response,
" 800,000 ", Number of Livestock , Livestock Loss ,"“Relief and rescue operations are still extremely hard to carry out - around 160 bridges and 5,000 kilometres (3,200 miles) of roads have been destroyed or damaged, 3.5 million acres of crops affected and about 800,000 livestock lost.",Pakistan,2022-09-04 15:51:22+00:00,News and Press Release,https://reliefweb.int/report/pakistan/unicef-geneva-palais-briefing-note-impact-pakistan-floods-children-and-families-and-unicefs-response,
" 735,000         ",        , livestock loss ,"Livelihoods have been decimated as crops have been devastated — 2 million acres have been adversely impacted – and some 735,000 livestock have perished.",Pakistan,2022-09-02 09:34:32+00:00,News and Press Release,https://reliefweb.int/report/pakistan/unhcr-scales-response-catastrophic-floods-pakistan,
" 2,000,000       ", acres  , crops loss   ,"Livelihoods have been decimated as crops have been devastated — 2 million acres have been adversely impacted – and some 735,000 livestock have perished.",Pakistan,2022-09-02 09:34:32+00:00,News and Press Release,https://reliefweb.int/report/pakistan/unhcr-scales-response-catastrophic-floods-pakistan,
" 287,000         ", Houses , Destruction     ,"According to government figures, over 287,000 houses have been destroyed, and a further 662,000 homes damaged, while 735,000 livestock have perished and 2 million acres of crops are inundated.",Pakistan,2022-09-02 00:00:00+00:00,News and Press Release,https://reliefweb.int/report/pakistan/pakistans-disastrous-floods-uproot-refugees-and-citizens,
" 662,000         ", Homes  , Damage          ,"According to government figures, over 287,000 houses have been destroyed, and a further 662,000 homes damaged, while 735,000 livestock have perished and 2 million acres of crops are inundated.",Pakistan,2022-09-02 00:00:00+00:00,News and Press Release,https://reliefweb.int/report/pakistan/pakistans-disastrous-floods-uproot-refugees-and-citizens,
" 735,000         ", -      , Livestock death ,"According to government figures, over 287,000 houses have been destroyed, and a further 662,000 homes damaged, while 735,000 livestock have perished and 2 million acres of crops are inundated.",Pakistan,2022-09-02 00:00:00+00:00,News and Press Release,https://reliefweb.int/report/pakistan/pakistans-disastrous-floods-uproot-refugees-and-citizens,
" 2,000,000       ", Acres  , Crop inundation ,"According to government figures, over 287,000 houses have been destroyed, and a further 662,000 homes damaged, while 735,000 livestock have perished and 2 million acres of crops are inundated.",Pakistan,2022-09-02 00:00:00+00:00,News and Press Release,https://reliefweb.int/report/pakistan/pakistans-disastrous-floods-uproot-refugees-and-citizens,
    1.6 million   , hectares , crops loss (grains and fruits) ,"""The flooding has already destroyed 1.6 million hectares of arable land along with the crops that had been growing there, including grains and fruits.",Pakistan,2022-09-01 08:26:18+00:00,News and Press Release,https://reliefweb.int/report/pakistan/flood-victims-pakistan-urgently-need-aid,
"727,000 ", Number , Livestock Loss    ,"Over 727,000 livestock had perished, and around two million acres of crops had been affected (GOP 28/08/2022; OCHA 26/08/2022).",Pakistan,2022-09-01 07:07:25+00:00,Analysis,https://reliefweb.int/report/pakistan/acaps-briefing-note-pakistan-floods-31-august-2022,
"2,000,000", Acres  , Crop Affected     ,"Over 727,000 livestock had perished, and around two million acres of crops had been affected (GOP 28/08/2022; OCHA 26/08/2022).",Pakistan,2022-09-01 07:07:25+00:00,Analysis,https://reliefweb.int/report/pakistan/acaps-briefing-note-pakistan-floods-31-august-2022,
" 700,000 ", Head of Livestock , Livestock Loss ,"Agriculture has also been severely impacted, with an estimated 700,000 heads of livestock lost.",Pakistan,2022-09-01 01:51:48+00:00,News and Press Release,https://reliefweb.int/report/pakistan/australia-should-boost-its-commitment-5-million-towards-flood-relief-pakistan-aid-agencies,
 2 million acres  , agricultural , Land damaged                                  ,"In addition, more than one million homes have been damaged or destroyed, and nearly 735,000 livestock – a major source of livelihoods and food – have been lost, and the flooding has damaged roads and more than two million acres of agricultural land.",Pakistan,2022-08-30 21:53:13+00:00,News and Press Release,https://reliefweb.int/report/pakistan/united-states-providing-additional-30-million-critical-humanitarian-assistance-response-flooding-pakistan,
" 735,000         ", livestock    , Loss                                          ,"In addition, more than one million homes have been damaged or destroyed, and nearly 735,000 livestock – a major source of livelihoods and food – have been lost, and the flooding has damaged roads and more than two million acres of agricultural land.",Pakistan,2022-08-30 21:53:13+00:00,News and Press Release,https://reliefweb.int/report/pakistan/united-states-providing-additional-30-million-critical-humanitarian-assistance-response-flooding-pakistan,
 1 million       , homes        , Damage/destroyed                              ,"In addition, more than one million homes have been damaged or destroyed, and nearly 735,000 livestock – a major source of livelihoods and food – have been lost, and the flooding has damaged roads and more than two million acres of agricultural land.",Pakistan,2022-08-30 21:53:13+00:00,News and Press Release,https://reliefweb.int/report/pakistan/united-states-providing-additional-30-million-critical-humanitarian-assistance-response-flooding-pakistan,
" 949,858 ", Houses destroyed , Property loss ,"In addition, more than 949,858 house were badly destroyed, 2 million acres of crops were badly impacted, and 719,558 livestock were lost.",Pakistan,2022-08-30 14:24:49+00:00,News and Press Release,https://reliefweb.int/report/pakistan/ingosphf-members-reach-out-777667-people-immediately-providing-humanitarian-response-pakistan,
" 2,000,000 ", Acres of crops , Crop loss ,"In addition, more than 949,858 house were badly destroyed, 2 million acres of crops were badly impacted, and 719,558 livestock were lost.",Pakistan,2022-08-30 14:24:49+00:00,News and Press Release,https://reliefweb.int/report/pakistan/ingosphf-members-reach-out-777667-people-immediately-providing-humanitarian-response-pakistan,
" 719,558 ", Livestock , Livestock loss ,"In addition, more than 949,858 house were badly destroyed, 2 million acres of crops were badly impacted, and 719,558 livestock were lost.",Pakistan,2022-08-30 14:24:49+00:00,News and Press Release,https://reliefweb.int/report/pakistan/ingosphf-members-reach-out-777667-people-immediately-providing-humanitarian-response-pakistan,
" 2,000,000 ", Acres , Crop loss ,"With 2 million acres of crops ruined and 800,000 livestock killed, food is running out in many markets and many families face destitution.",Pakistan,2022-08-30 13:07:11+00:00,News and Press Release,https://reliefweb.int/report/pakistan/more-aid-urgently-needed-pakistans-worst-ever-floods,
" 800,000 ", Count , Livestock loss ,"With 2 million acres of crops ruined and 800,000 livestock killed, food is running out in many markets and many families face destitution.",Pakistan,2022-08-30 13:07:11+00:00,News and Press Release,https://reliefweb.int/report/pakistan/more-aid-urgently-needed-pakistans-worst-ever-floods,
" 287,000 ", Houses , Complete destruction ,"Over 1,100 people including over 350 children have lost their lives, more than 1,600 people have been injured, over 287,000 houses have been fully and 662,000 partially destroyed, over 735,000 livestock have perished and 2 million acres of crops have been adversely impacted, besides severe damage to communications infrastructure.",Pakistan,2022-08-30 11:59:36+00:00,News and Press Release,https://reliefweb.int/report/pakistan/joint-launch-2022-pakistan-floods-response-plan-government-pakistan-and-united-nations,
" 735,000 ", Livestock , Death ,"Over 1,100 people including over 350 children have lost their lives, more than 1,600 people have been injured, over 287,000 houses have been fully and 662,000 partially destroyed, over 735,000 livestock have perished and 2 million acres of crops have been adversely impacted, besides severe damage to communications infrastructure.",Pakistan,2022-08-30 11:59:36+00:00,News and Press Release,https://reliefweb.int/report/pakistan/joint-launch-2022-pakistan-floods-response-plan-government-pakistan-and-united-nations,
" 662,000 ", Houses , Partial destruction ,"Over 1,100 people including over 350 children have lost their lives, more than 1,600 people have been injured, over 287,000 houses have been fully and 662,000 partially destroyed, over 735,000 livestock have perished and 2 million acres of crops have been adversely impacted, besides severe damage to communications infrastructure.",Pakistan,2022-08-30 11:59:36+00:00,News and Press Release,https://reliefweb.int/report/pakistan/joint-launch-2022-pakistan-floods-response-plan-government-pakistan-and-united-nations,
" 2,000,000 ", Acres , Crop damage ,"Over 1,100 people including over 350 children have lost their lives, more than 1,600 people have been injured, over 287,000 houses have been fully and 662,000 partially destroyed, over 735,000 livestock have perished and 2 million acres of crops have been adversely impacted, besides severe damage to communications infrastructure.",Pakistan,2022-08-30 11:59:36+00:00,News and Press Release,https://reliefweb.int/report/pakistan/joint-launch-2022-pakistan-floods-response-plan-government-pakistan-and-united-nations,
" 1,600 ", Persons , Injuries ,"Over 1,100 people including over 350 children have lost their lives, more than 1,600 people have been injured, over 287,000 houses have been fully and 662,000 partially destroyed, over 735,000 livestock have perished and 2 million acres of crops have been adversely impacted, besides severe damage to communications infrastructure.",Pakistan,2022-08-30 11:59:36+00:00,News and Press Release,https://reliefweb.int/report/pakistan/joint-launch-2022-pakistan-floods-response-plan-government-pakistan-and-united-nations,
" 1,100 ", Persons , Human Life ,"Over 1,100 people including over 350 children have lost their lives, more than 1,600 people have been injured, over 287,000 houses have been fully and 662,000 partially destroyed, over 735,000 livestock have perished and 2 million acres of crops have been adversely impacted, besides severe damage to communications infrastructure.",Pakistan,2022-08-30 11:59:36+00:00,News and Press Release,https://reliefweb.int/report/pakistan/joint-launch-2022-pakistan-floods-response-plan-government-pakistan-and-united-nations,
 350 , Children , Human Life ,"Over 1,100 people including over 350 children have lost their lives, more than 1,600 people have been injured, over 287,000 houses have been fully and 662,000 partially destroyed, over 735,000 livestock have perished and 2 million acres of crops have been adversely impacted, besides severe damage to communications infrastructure.",Pakistan,2022-08-30 11:59:36+00:00,News and Press Release,https://reliefweb.int/report/pakistan/joint-launch-2022-pakistan-floods-response-plan-government-pakistan-and-united-nations,
" 4,000,000       ", Acres           , Crops loss          ,"With more than 4 million acres of crops damaged and almost 800,000 livestock killed, the IRC is anticipating a sharp increase in food insecurity and a severe impact on the economy.",Pakistan,2022-08-29 21:53:21+00:00,News and Press Release,https://reliefweb.int/report/pakistan/more-30-million-people-urgent-need-after-major-floods-devastate-areas-pakistan-and-afghanistan-irc-launches-emergency-response,
" 800,000         ", Number of livestock , Livestock loss    ,"With more than 4 million acres of crops damaged and almost 800,000 livestock killed, the IRC is anticipating a sharp increase in food insecurity and a severe impact on the economy.",Pakistan,2022-08-29 21:53:21+00:00,News and Press Release,https://reliefweb.int/report/pakistan/more-30-million-people-urgent-need-after-major-floods-devastate-areas-pakistan-and-afghanistan-irc-launches-emergency-response,
 100 , Bridges , Infrastructure loss ,"More than 100 bridges and 3,000km of roads have been damaged or destroyed; nearly 800,000 farm animals have perished, and 2 million acres of crops and orchards have been hit.",Pakistan,2022-08-29 07:05:09+00:00,News and Press Release,https://reliefweb.int/report/pakistan/pakistan-floods-government-calls-wfp-support-emergency-response,
" 800,000 ", Animals , Livestock loss ,"More than 100 bridges and 3,000km of roads have been damaged or destroyed; nearly 800,000 farm animals have perished, and 2 million acres of crops and orchards have been hit.",Pakistan,2022-08-29 07:05:09+00:00,News and Press Release,https://reliefweb.int/report/pakistan/pakistan-floods-government-calls-wfp-support-emergency-response,
" 3,000 ", km , Infrastructure loss ,"More than 100 bridges and 3,000km of roads have been damaged or destroyed; nearly 800,000 farm animals have perished, and 2 million acres of crops and orchards have been hit.",Pakistan,2022-08-29 07:05:09+00:00,News and Press Release,https://reliefweb.int/report/pakistan/pakistan-floods-government-calls-wfp-support-emergency-response,
" 2,000,000 ", acres , Crop loss ,"More than 100 bridges and 3,000km of roads have been damaged or destroyed; nearly 800,000 farm animals have perished, and 2 million acres of crops and orchards have been hit.",Pakistan,2022-08-29 07:05:09+00:00,News and Press Release,https://reliefweb.int/report/pakistan/pakistan-floods-government-calls-wfp-support-emergency-response,
 149 ,  , Bridge Damage ,"In addition, 719,558 livestock have been lost and more than 3,000km of roads and 149 bridges have been damaged.",Pakistan,2022-08-29 01:39:34+00:00,Appeal,https://reliefweb.int/report/pakistan/pakistan-asia-pacific-monsoon-floods-emergency-appeal-no-mdrpk023,
" 3,000 ", Kilometers , Road Damage ,"In addition, 719,558 livestock have been lost and more than 3,000km of roads and 149 bridges have been damaged.",Pakistan,2022-08-29 01:39:34+00:00,Appeal,https://reliefweb.int/report/pakistan/pakistan-asia-pacific-monsoon-floods-emergency-appeal-no-mdrpk023,
" 719,558 ", Livestock , Livestock Loss ,"In addition, 719,558 livestock have been lost and more than 3,000km of roads and 149 bridges have been damaged.",Pakistan,2022-08-29 01:39:34+00:00,Appeal,https://reliefweb.int/report/pakistan/pakistan-asia-pacific-monsoon-floods-emergency-appeal-no-mdrpk023,
" 710,000 ", Livestock , Livestock Loss ,"In addition, almost 710,000 livestock are lost, and thousands of kilometres of roads and bridges destroyed.",Pakistan,2022-08-27 02:46:30+00:00,News and Press Release,https://reliefweb.int/report/pakistan/sea-flood-waters-ravage-pakistan-affecting-millions-people,
" 197,182         ", homes        , property loss              ,"The flooding, landslides, and glacial lake outbursts have destroyed nearly 197,182 homes, led to a loss of an estimated 700,000 livestock, and damaged roads and more than two million acres of crops.",Pakistan,2022-08-25 23:56:49+00:00,News and Press Release,https://reliefweb.int/report/pakistan/concern-worldwide-providing-immediate-humanitarian-assistance-response-flooding-pakistan,
" 700,000         ", livestock    , livestock loss             ,"The flooding, landslides, and glacial lake outbursts have destroyed nearly 197,182 homes, led to a loss of an estimated 700,000 livestock, and damaged roads and more than two million acres of crops.",Pakistan,2022-08-25 23:56:49+00:00,News and Press Release,https://reliefweb.int/report/pakistan/concern-worldwide-providing-immediate-humanitarian-assistance-response-flooding-pakistan,
" 2,000,000       ", acres        , crop loss and land damage  ,"The flooding, landslides, and glacial lake outbursts have destroyed nearly 197,182 homes, led to a loss of an estimated 700,000 livestock, and damaged roads and more than two million acres of crops.",Pakistan,2022-08-25 23:56:49+00:00,News and Press Release,https://reliefweb.int/report/pakistan/concern-worldwide-providing-immediate-humanitarian-assistance-response-flooding-pakistan,
"702,100 ", Livestock , Livestock Loss,"In addition, 702,100 livestock has been lost and more than 3,000 km of roads and 130 bridges have been damaged.",Pakistan,2022-08-25 12:03:21+00:00,News and Press Release,https://reliefweb.int/report/pakistan/pakistan-monsoon-rain-update-ndma-pmd-echo-daily-flash-25-august-2022,
"3,000 ", km , Infrastructure Loss (Roads),"In addition, 702,100 livestock has been lost and more than 3,000 km of roads and 130 bridges have been damaged.",Pakistan,2022-08-25 12:03:21+00:00,News and Press Release,https://reliefweb.int/report/pakistan/pakistan-monsoon-rain-update-ndma-pmd-echo-daily-flash-25-august-2022,
130 , Count , Infrastructure Loss (Bridges),"In addition, 702,100 livestock has been lost and more than 3,000 km of roads and 130 bridges have been damaged.",Pakistan,2022-08-25 12:03:21+00:00,News and Press Release,https://reliefweb.int/report/pakistan/pakistan-monsoon-rain-update-ndma-pmd-echo-daily-flash-25-august-2022,
" 70,000          ", Houses     , Stocks loss                                                 ,"The floodwaters have also damaged over 70,000 houses, some one million acres of crops and extensive stretches of roads.",Pakistan,2022-08-23 00:00:00+00:00,News and Press Release,https://reliefweb.int/report/pakistan/european-union-provides-eu350000-assist-floods-victims-pakistan,
" 1,000,000       ", Acres      , Crops loss                                                  ,"The floodwaters have also damaged over 70,000 houses, some one million acres of crops and extensive stretches of roads.",Pakistan,2022-08-23 00:00:00+00:00,News and Press Release,https://reliefweb.int/report/pakistan/european-union-provides-eu350000-assist-floods-victims-pakistan,
" 2,800          ", km       , Roads damaged ,"In addition, 110,440 livestock has been lost and more than 2,800 km of roads and 130 bridges have been damaged.",Pakistan,2022-08-17 11:59:15+00:00,News and Press Release,https://reliefweb.int/report/pakistan/pakistan-monsoon-rain-update-ndma-pdm-echo-daily-flash-17-august-2022,
 130            , count    , Bridges damaged,"In addition, 110,440 livestock has been lost and more than 2,800 km of roads and 130 bridges have been damaged.",Pakistan,2022-08-17 11:59:15+00:00,News and Press Release,https://reliefweb.int/report/pakistan/pakistan-monsoon-rain-update-ndma-pdm-echo-daily-flash-17-august-2022,
" 110,440        ", Livestock, Livestock loss,"In addition, 110,440 livestock has been lost and more than 2,800 km of roads and 130 bridges have been damaged.",Pakistan,2022-08-17 11:59:15+00:00,News and Press Release,https://reliefweb.int/report/pakistan/pakistan-monsoon-rain-update-ndma-pdm-echo-daily-flash-17-august-2022,
" 100,000        ", Count     , Livestock loss   ,"In addition, nearly 50,000 homes have been damaged or destroyed, an estimated 100,000 livestock have been lost, and the flooding has damaged roads and more than one million acres of crops.",Pakistan,2022-08-17 11:39:07+00:00,News and Press Release,https://reliefweb.int/report/pakistan/united-states-providing-immediate-humanitarian-assistance-response-flooding-pakistan,
" 1,000,000      ", Hectares  , Crop damage      ,"In addition, nearly 50,000 homes have been damaged or destroyed, an estimated 100,000 livestock have been lost, and the flooding has damaged roads and more than one million acres of crops.",Pakistan,2022-08-17 11:39:07+00:00,News and Press Release,https://reliefweb.int/report/pakistan/united-states-providing-immediate-humanitarian-assistance-response-flooding-pakistan,
" 50,000         ", Count     , Homes destroyed  ,"In addition, nearly 50,000 homes have been damaged or destroyed, an estimated 100,000 livestock have been lost, and the flooding has damaged roads and more than one million acres of crops.",Pakistan,2022-08-17 11:39:07+00:00,News and Press Release,https://reliefweb.int/report/pakistan/united-states-providing-immediate-humanitarian-assistance-response-flooding-pakistan,
" 107,000 ", Livestock , Livestock loss ,"Some 107,000 livestock (including some 29,000 large ruminants) have perished as a result of the floods, according to the NDMA.",Pakistan,2022-08-13 05:13:40+00:00,Situation Report,https://reliefweb.int/report/pakistan/pakistan-2022-flash-floods-situation-report-no-02-12-august-2022,
" 29,000 ", Large ruminants , Livestock loss ,"Some 107,000 livestock (including some 29,000 large ruminants) have perished as a result of the floods, according to the NDMA.",Pakistan,2022-08-13 05:13:40+00:00,Situation Report,https://reliefweb.int/report/pakistan/pakistan-2022-flash-floods-situation-report-no-02-12-august-2022,
" 200,000 ", acres , crops loss   ,"Tragically, over 200,000 acres of agricultural land have been destroyed in the province.",Pakistan,2022-08-06 11:32:58+00:00,News and Press Release,https://reliefweb.int/report/pakistan/live-updates-pakistan-floods,
 03 , Houses , Partially damaged ,(29th July – 01st Aug 2022) 03x houses & 01x madrasa partially damaged and 24x kanal crop land damaged.,Pakistan,2022-08-04 00:51:07+00:00,Situation Report,https://reliefweb.int/report/pakistan/ndma-monsoon-2022-daily-situation-report-no-051-1300-hrs-2nd-aug-2022-1300-hrs-3rd-aug-2022,
 01 , Madrasa , Partially damaged ,(29th July – 01st Aug 2022) 03x houses & 01x madrasa partially damaged and 24x kanal crop land damaged.,Pakistan,2022-08-04 00:51:07+00:00,Situation Report,https://reliefweb.int/report/pakistan/ndma-monsoon-2022-daily-situation-report-no-051-1300-hrs-2nd-aug-2022-1300-hrs-3rd-aug-2022,
 24 , Kanal , Crop land damaged ,(29th July – 01st Aug 2022) 03x houses & 01x madrasa partially damaged and 24x kanal crop land damaged.,Pakistan,2022-08-04 00:51:07+00:00,Situation Report,https://reliefweb.int/report/pakistan/ndma-monsoon-2022-daily-situation-report-no-051-1300-hrs-2nd-aug-2022-1300-hrs-3rd-aug-2022,
 70              , Percentage (%) , Crop Production,"In rural areas, almost 70% of crops in the district are badly affected and damaged due to heavy rains.",Pakistan,2022-08-02 09:47:48+00:00,Appeal,https://reliefweb.int/report/pakistan/pakistan-monsoon-rainsfloods-2022-emergency-response-plan-implementation-period-july-2022-june-2023,
  1     , Cattle , Livestock Loss,"Due to rain (29th – 30th July 2022), 34x houses partially damaged and 01x cattle perished.",Pakistan,2022-08-02 05:07:27+00:00,Situation Report,https://reliefweb.int/report/pakistan/ndma-monsoon-2022-daily-situation-report-no-049-1300-hrs-31st-july-2022-1300-hrs-1st-aug-2022,
  34    , Houses , Partial Damage,"Due to rain (29th – 30th July 2022), 34x houses partially damaged and 01x cattle perished.",Pakistan,2022-08-02 05:07:27+00:00,Situation Report,https://reliefweb.int/report/pakistan/ndma-monsoon-2022-daily-situation-report-no-049-1300-hrs-31st-july-2022-1300-hrs-1st-aug-2022,
 2 , Houses , Structural Damage ,"Due to rains, on 27th July 2022, 2x houses fully, 3x houses & 1x cattle farm partially damaged.",Pakistan,2022-08-01 02:34:35+00:00,Situation Report,https://reliefweb.int/report/pakistan/ndma-monsoon-2022-daily-situation-report-no-045-1300-hrs-28th-july-2022-1300-hrs-29th-july-2022,
 3 , Houses , Partial Structural Damage ,"Due to rains, on 27th July 2022, 2x houses fully, 3x houses & 1x cattle farm partially damaged.",Pakistan,2022-08-01 02:34:35+00:00,Situation Report,https://reliefweb.int/report/pakistan/ndma-monsoon-2022-daily-situation-report-no-045-1300-hrs-28th-july-2022-1300-hrs-29th-july-2022,
 1 , Cattle Farm , Partial Livestock Loss ,"Due to rains, on 27th July 2022, 2x houses fully, 3x houses & 1x cattle farm partially damaged.",Pakistan,2022-08-01 02:34:35+00:00,Situation Report,https://reliefweb.int/report/pakistan/ndma-monsoon-2022-daily-situation-report-no-045-1300-hrs-28th-july-2022-1300-hrs-29th-july-2022,
 2 , Count of Dead Cattle , Livestock Loss ,"Due to heavy rains, 02x cattle perished and 01x cattle farm damaged.",Pakistan,2022-07-31 00:00:00+00:00,Situation Report,https://reliefweb.int/report/pakistan/ndma-monsoon-2022-daily-situation-report-no-047-1300-hrs-29-july-2022-1300-hrs-30-july-2022,
 1 , Count of Damaged Cattle Farm , Livestock Loss ,"Due to heavy rains, 02x cattle perished and 01x cattle farm damaged.",Pakistan,2022-07-31 00:00:00+00:00,Situation Report,https://reliefweb.int/report/pakistan/ndma-monsoon-2022-daily-situation-report-no-047-1300-hrs-29-july-2022-1300-hrs-30-july-2022,
 274             , Houses , Partial damage ,"Due to rainfall (1st June – 27th July), 274x houses partially damaged, 2030x houses fully damaged and 35753 crop area (Acres) damaged.",Pakistan,2022-07-27 00:00:00+00:00,Situation Report,https://reliefweb.int/report/pakistan/ndma-monsoon-2022-daily-situation-report-no-043-1300-hrs-26th-july-2022-1300-hrs-27th-july-2022,
 2030            , Houses , Full damage ,"Due to rainfall (1st June – 27th July), 274x houses partially damaged, 2030x houses fully damaged and 35753 crop area (Acres) damaged.",Pakistan,2022-07-27 00:00:00+00:00,Situation Report,https://reliefweb.int/report/pakistan/ndma-monsoon-2022-daily-situation-report-no-043-1300-hrs-26th-july-2022-1300-hrs-27th-july-2022,
 35753           , Acres  , Crop damage ,"Due to rainfall (1st June – 27th July), 274x houses partially damaged, 2030x houses fully damaged and 35753 crop area (Acres) damaged.",Pakistan,2022-07-27 00:00:00+00:00,Situation Report,https://reliefweb.int/report/pakistan/ndma-monsoon-2022-daily-situation-report-no-043-1300-hrs-26th-july-2022-1300-hrs-27th-july-2022,
 25 , Houses partially damaged , Infrastructure loss ,25 x Kacha Houses partially damaged and 30 x Goats killed.,Pakistan,2022-07-18 01:10:03+00:00,Situation Report,https://reliefweb.int/report/pakistan/ndma-monsoon-2022-daily-situation-report-no-033-1300-hrs-16-july-2022-1300-hrs-17-july-2022,
 30 , Goats killed , Livestock loss ,25 x Kacha Houses partially damaged and 30 x Goats killed.,Pakistan,2022-07-18 01:10:03+00:00,Situation Report,https://reliefweb.int/report/pakistan/ndma-monsoon-2022-daily-situation-report-no-033-1300-hrs-16-july-2022-1300-hrs-17-july-2022,
 2 , Houses , Partial Damage ,Canal breach occurred which damaged 2 x Houses partially and damaged some cotton crops.,Pakistan,2022-07-18 01:07:51+00:00,Situation Report,https://reliefweb.int/report/pakistan/ndma-monsoon-2022-daily-situation-report-no-032-1300-hrs-15-july-2022-1300-hrs-16-july-2022,
