Number of Buildings Mentioned,What Happened,Type of Building,text,primary_country,date_posted,format,url,NER_extracted_geolocation
------------------------------,--------------------------------,------------------,"According to WHO, around 8 million flood-affected people need healthcare assistance, with risks of the number increasing as the displaced population slowly returning to their communities with damaged infrastructure, inadequate access to safe water and sanitation facilities, and stagnant water5 .",Pakistan,2023-04-10 12:42:43+00:00,Situation Report,https://reliefweb.int/report/pakistan/pakistan-monsoon-floods-operation-update-4-mdrpk023,
              0               ,            N/A                 ,   Not Mentioned   ,"According to WHO, around 8 million flood-affected people need healthcare assistance, with risks of the number increasing as the displaced population slowly returning to their communities with damaged infrastructure, inadequate access to safe water and sanitation facilities, and stagnant water5 .",Pakistan,2023-04-10 12:42:43+00:00,Situation Report,https://reliefweb.int/report/pakistan/pakistan-monsoon-floods-operation-update-4-mdrpk023,
------------------------,----------------------,---------------------,"More than 13,115 km of roads and 439 bridges have been reported damaged, along with 2,000 health facilities and 27,000 schools destroyed or damaged1,7 .",Pakistan,2023-04-10 12:42:43+00:00,Situation Report,https://reliefweb.int/report/pakistan/pakistan-monsoon-floods-operation-update-4-mdrpk023,
" 2,000  ", Damaged/Destroyed , Health Facilities ,"More than 13,115 km of roads and 439 bridges have been reported damaged, along with 2,000 health facilities and 27,000 schools destroyed or damaged1,7 .",Pakistan,2023-04-10 12:42:43+00:00,Situation Report,https://reliefweb.int/report/pakistan/pakistan-monsoon-floods-operation-update-4-mdrpk023,
" 27,000 ", Damaged/Destroyed , Schools ,"More than 13,115 km of roads and 439 bridges have been reported damaged, along with 2,000 health facilities and 27,000 schools destroyed or damaged1,7 .",Pakistan,2023-04-10 12:42:43+00:00,Situation Report,https://reliefweb.int/report/pakistan/pakistan-monsoon-floods-operation-update-4-mdrpk023,
 N/A    , Damaged          , Roads             ,"More than 13,115 km of roads and 439 bridges have been reported damaged, along with 2,000 health facilities and 27,000 schools destroyed or damaged1,7 .",Pakistan,2023-04-10 12:42:43+00:00,Situation Report,https://reliefweb.int/report/pakistan/pakistan-monsoon-floods-operation-update-4-mdrpk023,
 439    , Damaged          , Bridges           ,"More than 13,115 km of roads and 439 bridges have been reported damaged, along with 2,000 health facilities and 27,000 schools destroyed or damaged1,7 .",Pakistan,2023-04-10 12:42:43+00:00,Situation Report,https://reliefweb.int/report/pakistan/pakistan-monsoon-floods-operation-update-4-mdrpk023,
------------------------------,----------------------------------------,------------------,"According to the National Disaster Management Authority (NDMA), 2,000 health facilities, representing 10% of all health facilities in the country, have been either damaged or destroyed.",Pakistan,2023-01-13 15:29:47+00:00,News and Press Release,https://reliefweb.int/report/pakistan/pakistani-flood-survivors-welcome-funding-demand-immediate-disbursement,
"            2,000             ",              Damaged/Destroyed           , Hospitals/Clinics/Health Centres ,"According to the National Disaster Management Authority (NDMA), 2,000 health facilities, representing 10% of all health facilities in the country, have been either damaged or destroyed.",Pakistan,2023-01-13 15:29:47+00:00,News and Press Release,https://reliefweb.int/report/pakistan/pakistani-flood-survivors-welcome-funding-demand-immediate-disbursement,
------------------------------,-----------------------------------------,------------------,"In Pakistan, floods caused by heavy rains after June killed many people and damaged properties, including more than 880 health centers.",Pakistan,2023-01-05 13:39:36+00:00,News and Press Release,https://reliefweb.int/report/pakistan/mobile-clinic-donated-flood-affected-pakistanis,Pakistan
             880              ,                  Damaged                ,    Health Centers   ,"In Pakistan, floods caused by heavy rains after June killed many people and damaged properties, including more than 880 health centers.",Pakistan,2023-01-05 13:39:36+00:00,News and Press Release,https://reliefweb.int/report/pakistan/mobile-clinic-donated-flood-affected-pakistanis,Pakistan
------------------------------,--------------------------------------,------------------,"Floods have affected 33 million people, with more than 1,730 lives lost as well as 2 million housing units impacted, and several thousands of schools and hospitals damaged or destroyed.",Pakistan,2023-01-09 19:23:55+00:00,News and Press Release,https://reliefweb.int/report/pakistan/note-correspondents-co-chairs-summary-international-conference-climate-resilient-pakistan,
 0                            , Not Applicable                       , Not Applicable   ,"Floods have affected 33 million people, with more than 1,730 lives lost as well as 2 million housing units impacted, and several thousands of schools and hospitals damaged or destroyed.",Pakistan,2023-01-09 19:23:55+00:00,News and Press Release,https://reliefweb.int/report/pakistan/note-correspondents-co-chairs-summary-international-conference-climate-resilient-pakistan,
 2                            , Damaged                              , Schools          ,"Floods have affected 33 million people, with more than 1,730 lives lost as well as 2 million housing units impacted, and several thousands of schools and hospitals damaged or destroyed.",Pakistan,2023-01-09 19:23:55+00:00,News and Press Release,https://reliefweb.int/report/pakistan/note-correspondents-co-chairs-summary-international-conference-climate-resilient-pakistan,
 Several Thousands            , Damaged or Destroyed                 , Hospitals        ,"Floods have affected 33 million people, with more than 1,730 lives lost as well as 2 million housing units impacted, and several thousands of schools and hospitals damaged or destroyed.",Pakistan,2023-01-09 19:23:55+00:00,News and Press Release,https://reliefweb.int/report/pakistan/note-correspondents-co-chairs-summary-international-conference-climate-resilient-pakistan,
 2 million                    , Impacted                             , Housing Units    ,"Floods have affected 33 million people, with more than 1,730 lives lost as well as 2 million housing units impacted, and several thousands of schools and hospitals damaged or destroyed.",Pakistan,2023-01-09 19:23:55+00:00,News and Press Release,https://reliefweb.int/report/pakistan/note-correspondents-co-chairs-summary-international-conference-climate-resilient-pakistan,
 --- , --- , --- ,"When the floods hit earlier this year there was a lot of global attention, but now it seems that Pakistan has fallen off the news agenda and people have been forgotten.” Four months since the worst of the floods – which damaged or destroyed more than 2 million homes and more than 2,000 health facilities – thousands of families remain homeless or living in tents.",Pakistan,2023-01-03 11:14:29+00:00,News and Press Release,https://reliefweb.int/report/pakistan/freezing-temperatures-hit-homeless-pakistan-flood-survivors-forgotten-world,Pakistan
 2 million , Damaged or Destroyed , Homes ,"When the floods hit earlier this year there was a lot of global attention, but now it seems that Pakistan has fallen off the news agenda and people have been forgotten.” Four months since the worst of the floods – which damaged or destroyed more than 2 million homes and more than 2,000 health facilities – thousands of families remain homeless or living in tents.",Pakistan,2023-01-03 11:14:29+00:00,News and Press Release,https://reliefweb.int/report/pakistan/freezing-temperatures-hit-homeless-pakistan-flood-survivors-forgotten-world,Pakistan
" 2,000 ", Damaged or Destroyed , Health Facilities ,"When the floods hit earlier this year there was a lot of global attention, but now it seems that Pakistan has fallen off the news agenda and people have been forgotten.” Four months since the worst of the floods – which damaged or destroyed more than 2 million homes and more than 2,000 health facilities – thousands of families remain homeless or living in tents.",Pakistan,2023-01-03 11:14:29+00:00,News and Press Release,https://reliefweb.int/report/pakistan/freezing-temperatures-hit-homeless-pakistan-flood-survivors-forgotten-world,Pakistan
:--------------:,:-------------:,:----------------:,"According to WHO, around 8 million flood-affected people need healthcare assistance, with risks of the number increasing as the displaced population slowly returns to their communities with damaged infrastructure, inadequate access to safe water and sanitation facilities, and stagnant water.",Pakistan,2022-12-22 00:52:29+00:00,Situation Report,https://reliefweb.int/report/pakistan/pakistan-monsoon-floods-operation-update-3-mdrpk023,
       0        ,      N/A      ,    Not Mentioned  ,"According to WHO, around 8 million flood-affected people need healthcare assistance, with risks of the number increasing as the displaced population slowly returns to their communities with damaged infrastructure, inadequate access to safe water and sanitation facilities, and stagnant water.",Pakistan,2022-12-22 00:52:29+00:00,Situation Report,https://reliefweb.int/report/pakistan/pakistan-monsoon-floods-operation-update-3-mdrpk023,
 --- , --- , --- ,"More than 13,115 km of roads and 439 bridges have been reported damaged, along with 2,000 health facilities and 27,000 schools destroyed or damaged.",Pakistan,2022-12-22 00:52:29+00:00,Situation Report,https://reliefweb.int/report/pakistan/pakistan-monsoon-floods-operation-update-3-mdrpk023,
" 13,115 ", Damaged , Roads ,"More than 13,115 km of roads and 439 bridges have been reported damaged, along with 2,000 health facilities and 27,000 schools destroyed or damaged.",Pakistan,2022-12-22 00:52:29+00:00,Situation Report,https://reliefweb.int/report/pakistan/pakistan-monsoon-floods-operation-update-3-mdrpk023,
 439 , Damaged , Bridges ,"More than 13,115 km of roads and 439 bridges have been reported damaged, along with 2,000 health facilities and 27,000 schools destroyed or damaged.",Pakistan,2022-12-22 00:52:29+00:00,Situation Report,https://reliefweb.int/report/pakistan/pakistan-monsoon-floods-operation-update-3-mdrpk023,
" 2,000 ", Damaged/Destoyed , Health Facilities ,"More than 13,115 km of roads and 439 bridges have been reported damaged, along with 2,000 health facilities and 27,000 schools destroyed or damaged.",Pakistan,2022-12-22 00:52:29+00:00,Situation Report,https://reliefweb.int/report/pakistan/pakistan-monsoon-floods-operation-update-3-mdrpk023,
" 27,000 ", Damaged/Destoyed , Schools ,"More than 13,115 km of roads and 439 bridges have been reported damaged, along with 2,000 health facilities and 27,000 schools destroyed or damaged.",Pakistan,2022-12-22 00:52:29+00:00,Situation Report,https://reliefweb.int/report/pakistan/pakistan-monsoon-floods-operation-update-3-mdrpk023,
--------------------,--------------------------,------------------,"Preliminary assessments confirm that more than 700 health facilities are partially damaged, and about 100 health facilities are fully damaged.",Pakistan,2022-12-20 00:26:33+00:00,News and Press Release,https://reliefweb.int/report/pakistan/factsheet-sindh-integrated-health-and-population-project,
 700                , Partially damaged        , Health facilities,"Preliminary assessments confirm that more than 700 health facilities are partially damaged, and about 100 health facilities are fully damaged.",Pakistan,2022-12-20 00:26:33+00:00,News and Press Release,https://reliefweb.int/report/pakistan/factsheet-sindh-integrated-health-and-population-project,
 100                , Fully damaged            , Health facilities,"Preliminary assessments confirm that more than 700 health facilities are partially damaged, and about 100 health facilities are fully damaged.",Pakistan,2022-12-20 00:26:33+00:00,News and Press Release,https://reliefweb.int/report/pakistan/factsheet-sindh-integrated-health-and-population-project,
---------------------,--------------------------------,------------------,"There has been widespread destruction of homes, with more than 2 million homes damaged or destroyed, and infrastructure, including roads, health clinics and schools.",Pakistan,2022-11-28 01:12:55+00:00,Analysis,https://reliefweb.int/report/pakistan/pakistan-protection-analysis-update-october-2022,
"      2,000,000      ",           Damaged/Destroyed         ,     Homes         ,"There has been widespread destruction of homes, with more than 2 million homes damaged or destroyed, and infrastructure, including roads, health clinics and schools.",Pakistan,2022-11-28 01:12:55+00:00,Analysis,https://reliefweb.int/report/pakistan/pakistan-protection-analysis-update-october-2022,
          N/A            ,           Damaged/Destroyed         ,    Infrastructure  ,"There has been widespread destruction of homes, with more than 2 million homes damaged or destroyed, and infrastructure, including roads, health clinics and schools.",Pakistan,2022-11-28 01:12:55+00:00,Analysis,https://reliefweb.int/report/pakistan/pakistan-protection-analysis-update-october-2022,
            N/A          ,         Damaged/Destroyed          ,       Roads          ,"There has been widespread destruction of homes, with more than 2 million homes damaged or destroyed, and infrastructure, including roads, health clinics and schools.",Pakistan,2022-11-28 01:12:55+00:00,Analysis,https://reliefweb.int/report/pakistan/pakistan-protection-analysis-update-october-2022,
             N/A         ,        Damaged/Destroyed           ,       Health Clinics    ,"There has been widespread destruction of homes, with more than 2 million homes damaged or destroyed, and infrastructure, including roads, health clinics and schools.",Pakistan,2022-11-28 01:12:55+00:00,Analysis,https://reliefweb.int/report/pakistan/pakistan-protection-analysis-update-october-2022,
            N/A          ,         Damaged/Destroyed          ,       Schools          ,"There has been widespread destruction of homes, with more than 2 million homes damaged or destroyed, and infrastructure, including roads, health clinics and schools.",Pakistan,2022-11-28 01:12:55+00:00,Analysis,https://reliefweb.int/report/pakistan/pakistan-protection-analysis-update-october-2022,
 --- , --- , --- ,Poor access to vaccination services and population displacement have contributed to measles outbreaks in 31 districts in the country since the floods started.,Pakistan,2022-11-24 00:19:40+00:00,News and Press Release,https://reliefweb.int/report/pakistan/measles-rubella-campaign-undertaken-prevent-disease-outbreaks-pakistan,
 0 , 0 , Not mentioned ,Poor access to vaccination services and population displacement have contributed to measles outbreaks in 31 districts in the country since the floods started.,Pakistan,2022-11-24 00:19:40+00:00,News and Press Release,https://reliefweb.int/report/pakistan/measles-rubella-campaign-undertaken-prevent-disease-outbreaks-pakistan,
 31 , Not mentioned , Health centres ,Poor access to vaccination services and population displacement have contributed to measles outbreaks in 31 districts in the country since the floods started.,Pakistan,2022-11-24 00:19:40+00:00,News and Press Release,https://reliefweb.int/report/pakistan/measles-rubella-campaign-undertaken-prevent-disease-outbreaks-pakistan,
 ----------------- , ---------------- , ---------------- ,"We’re talking about millions of people left homeless, children dying of disease, more than 25,000 schools damaged or destroyed and food sources completely wiped out.",Pakistan,2022-11-14 01:03:59+00:00,News and Press Release,https://reliefweb.int/report/pakistan/save-children-calls-climate-justice-negotiations-cop27-pick-again,
 25000             , Damaged/Destroyed, Schools          ,"We’re talking about millions of people left homeless, children dying of disease, more than 25,000 schools damaged or destroyed and food sources completely wiped out.",Pakistan,2022-11-14 01:03:59+00:00,News and Press Release,https://reliefweb.int/report/pakistan/save-children-calls-climate-justice-negotiations-cop27-pick-again,
 Not mentioned      , Wiped out        , Food Sources     ,"We’re talking about millions of people left homeless, children dying of disease, more than 25,000 schools damaged or destroyed and food sources completely wiped out.",Pakistan,2022-11-14 01:03:59+00:00,News and Press Release,https://reliefweb.int/report/pakistan/save-children-calls-climate-justice-negotiations-cop27-pick-again,
----------------------,----------------------------------,------------------------,"Now, after the devastating floods that swept the country over the last few months, 1,543 health clinics have been partially or fully destroyed resulting in millions of people without adequate access to healthcare.",Pakistan,2022-11-09 07:03:54+00:00,News and Press Release,https://reliefweb.int/report/pakistan/rebuilding-futures-pakistan-post-flood,
"       1,543           ",       partially or fully destroyed   ,        clinics                ,"Now, after the devastating floods that swept the country over the last few months, 1,543 health clinics have been partially or fully destroyed resulting in millions of people without adequate access to healthcare.",Pakistan,2022-11-09 07:03:54+00:00,News and Press Release,https://reliefweb.int/report/pakistan/rebuilding-futures-pakistan-post-flood,
---,---,---,"According to the National Disaster Management Authority (NDMA), about 2,000 health facilities have either been damaged or destroyed.",Pakistan,2022-10-27 17:20:19+00:00,Situation Report,https://reliefweb.int/report/pakistan/pakistan-monsoon-floods-situation-report-4-october-26-2022,
 2000 , Damaged or Destroyed ," Hospitals, Clinics, Health Centres ","According to the National Disaster Management Authority (NDMA), about 2,000 health facilities have either been damaged or destroyed.",Pakistan,2022-10-27 17:20:19+00:00,Situation Report,https://reliefweb.int/report/pakistan/pakistan-monsoon-floods-situation-report-4-october-26-2022,
---,---,---,"Stagnating water has provided breeding sites for mosquitos, resulting in an ongoing malaria outbreak in 32 districts.",Pakistan,2022-10-29 17:20:15+00:00,Situation Report,https://reliefweb.int/report/pakistan/pakistan-2022-monsoon-floods-situation-report-no-10-28-october-2022,
0,,Not mentioned,"Stagnating water has provided breeding sites for mosquitos, resulting in an ongoing malaria outbreak in 32 districts.",Pakistan,2022-10-29 17:20:15+00:00,Situation Report,https://reliefweb.int/report/pakistan/pakistan-2022-monsoon-floods-situation-report-no-10-28-october-2022,
---------------------,-----------------------------,------------------,"The survey from HelpAge International highlighted that 87% of older people in flood-affected areas of Pakistan have a health condition, but only 51% have access to health care, while government and UN assessment reports are largely ignoring their needs and rights.",Pakistan,2022-10-24 07:01:34+00:00,Assessment,https://reliefweb.int/report/pakistan/pakistan-floods-rapid-needs-assessment-older-people,Pakistan
 0                   , NA                          , Not mentioned    ,"The survey from HelpAge International highlighted that 87% of older people in flood-affected areas of Pakistan have a health condition, but only 51% have access to health care, while government and UN assessment reports are largely ignoring their needs and rights.",Pakistan,2022-10-24 07:01:34+00:00,Assessment,https://reliefweb.int/report/pakistan/pakistan-floods-rapid-needs-assessment-older-people,Pakistan
 ------------------ , ---------------- , ---------------- ,"More than 1,500 health and support facilities have been badly damaged by the floods.",Pakistan,2022-10-24 07:01:34+00:00,Assessment,https://reliefweb.int/report/pakistan/pakistan-floods-rapid-needs-assessment-older-people,
"       1,500        ",     Badly Damaged , Not Mentioned     ,"More than 1,500 health and support facilities have been badly damaged by the floods.",Pakistan,2022-10-24 07:01:34+00:00,Assessment,https://reliefweb.int/report/pakistan/pakistan-floods-rapid-needs-assessment-older-people,
 --- , --- , --- ,"Nazil’s wife, Naheed Solangi(60) said: *“The local dispensary was damaged and there are no doctors to look after us.",Pakistan,2022-10-24 07:01:34+00:00,Assessment,https://reliefweb.int/report/pakistan/pakistan-floods-rapid-needs-assessment-older-people,
 1 , Damaged , Health centre ,"Nazil’s wife, Naheed Solangi(60) said: *“The local dispensary was damaged and there are no doctors to look after us.",Pakistan,2022-10-24 07:01:34+00:00,Assessment,https://reliefweb.int/report/pakistan/pakistan-floods-rapid-needs-assessment-older-people,
 1 , Not functioning/Unstaffed , Clinic ,"Nazil’s wife, Naheed Solangi(60) said: *“The local dispensary was damaged and there are no doctors to look after us.",Pakistan,2022-10-24 07:01:34+00:00,Assessment,https://reliefweb.int/report/pakistan/pakistan-floods-rapid-needs-assessment-older-people,
------------------------------,--------------------------------,------------------,"Over 80% of the village are suffering from the disease but the village health facility no longer exists; there are no doctors to diagnose or treat illnesses and the pharmacy lacks medicines, meaning people are turning to traditional remedies.",Pakistan,2022-10-24 07:01:34+00:00,Assessment,https://reliefweb.int/report/pakistan/pakistan-floods-rapid-needs-assessment-older-people,
               1              ,           Destroyed            , Health Facility  ,"Over 80% of the village are suffering from the disease but the village health facility no longer exists; there are no doctors to diagnose or treat illnesses and the pharmacy lacks medicines, meaning people are turning to traditional remedies.",Pakistan,2022-10-24 07:01:34+00:00,Assessment,https://reliefweb.int/report/pakistan/pakistan-floods-rapid-needs-assessment-older-people,
---,---,---,"Pakistan was hit by devastating floods in June 2022 which resulted in over 33 million people being affected, 81 districts being declared as calamity hit and the health infrastructure being badly impacted.",Pakistan,2022-10-18 00:04:21+00:00,News and Press Release,https://reliefweb.int/report/pakistan/disease-outbreak-news-malaria-pakistan-17-october-2022,Pakistan
 0 , N/A , Not mentioned ,"Pakistan was hit by devastating floods in June 2022 which resulted in over 33 million people being affected, 81 districts being declared as calamity hit and the health infrastructure being badly impacted.",Pakistan,2022-10-18 00:04:21+00:00,News and Press Release,https://reliefweb.int/report/pakistan/disease-outbreak-news-malaria-pakistan-17-october-2022,Pakistan
 --- , --- , --- ,The health infrastructure was also damaged with rapid assessments indicating some 1543 health facilities and their contents have been damaged.,Pakistan,2022-10-18 00:04:21+00:00,News and Press Release,https://reliefweb.int/report/pakistan/disease-outbreak-news-malaria-pakistan-17-october-2022,
 1543 , Damaged ," Hospitals, Clinics, Health Centers ",The health infrastructure was also damaged with rapid assessments indicating some 1543 health facilities and their contents have been damaged.,Pakistan,2022-10-18 00:04:21+00:00,News and Press Release,https://reliefweb.int/report/pakistan/disease-outbreak-news-malaria-pakistan-17-october-2022,
 --- , --- , --- ,"As of 5 October, according to the National Disaster Management Authority (NDMA), close to 2,000 health facilities have been either damaged or destroyed.",Pakistan,2022-10-15 18:11:59+00:00,Situation Report,https://reliefweb.int/report/pakistan/pakistan-2022-monsoon-floods-situation-report-no-9-14-october-2022,
 2000 , Damaged or destroyed ," Hospitals, clinics, health centers ","As of 5 October, according to the National Disaster Management Authority (NDMA), close to 2,000 health facilities have been either damaged or destroyed.",Pakistan,2022-10-15 18:11:59+00:00,Situation Report,https://reliefweb.int/report/pakistan/pakistan-2022-monsoon-floods-situation-report-no-9-14-october-2022,
:-------------------:,:---------------------:,:----------------:,"Estimates indicate that over 2,000 health facilities have been affected by the heavy rains and floods, and the Health Sector reports that access to health facilities, healthcare workers, and essential medicines and medical supplies remain limited.",Pakistan,2022-10-13 04:58:39+00:00,Situation Report,https://reliefweb.int/report/pakistan/pakistan-monsoon-floods-2022-islamic-relief-pakistan-12-october-2022,
         2000        , Damaged and destroyed  ," Hospitals, Clinics, Health Centres ","Estimates indicate that over 2,000 health facilities have been affected by the heavy rains and floods, and the Health Sector reports that access to health facilities, healthcare workers, and essential medicines and medical supplies remain limited.",Pakistan,2022-10-13 04:58:39+00:00,Situation Report,https://reliefweb.int/report/pakistan/pakistan-monsoon-floods-2022-islamic-relief-pakistan-12-october-2022,
-------------------,----------------------,-------------------,More than 2 million houses have been destroyed and an estimated 1460 health facilities have also reportedly been damaged.,Pakistan,2022-10-14 00:59:38+00:00,News and Press Release,https://reliefweb.int/report/pakistan/disease-outbreak-news-dengue-pakistan-13-october-2022,
"      2,000,000     ",      Destroyed       , Not Mentioned     ,More than 2 million houses have been destroyed and an estimated 1460 health facilities have also reportedly been damaged.,Pakistan,2022-10-14 00:59:38+00:00,News and Press Release,https://reliefweb.int/report/pakistan/disease-outbreak-news-dengue-pakistan-13-october-2022,
"       1,460        ",      Damaged         ,    Hospitals      ,More than 2 million houses have been destroyed and an estimated 1460 health facilities have also reportedly been damaged.,Pakistan,2022-10-14 00:59:38+00:00,News and Press Release,https://reliefweb.int/report/pakistan/disease-outbreak-news-dengue-pakistan-13-october-2022,
---,---,---,"Ongoing disease outbreaks in Pakistan, including acute watery diarrhoea, dengue, malaria, measles, polio, and COVID-19 are being further aggravated, particularly in internally displaced persons and refugee camps and where water and sanitation facilities have been damaged.",Pakistan,2022-10-14 00:59:38+00:00,News and Press Release,https://reliefweb.int/report/pakistan/disease-outbreak-news-dengue-pakistan-13-october-2022,Pakistan
 0 , N/A (Not Mentioned) , N/A (Not Mentioned) ,"Ongoing disease outbreaks in Pakistan, including acute watery diarrhoea, dengue, malaria, measles, polio, and COVID-19 are being further aggravated, particularly in internally displaced persons and refugee camps and where water and sanitation facilities have been damaged.",Pakistan,2022-10-14 00:59:38+00:00,News and Press Release,https://reliefweb.int/report/pakistan/disease-outbreak-news-dengue-pakistan-13-october-2022,Pakistan
---------------------,-------------------------------------------,------------------,"Nearly 1,500 health facilities have been devastated, greatly hindering the ability to detect and respond to outbreaks.",Pakistan,2022-10-07 17:25:06+00:00,News and Press Release,https://reliefweb.int/report/pakistan/climate-carnage-pakistan-beyond-imagination-secretary-general-tells-general-assembly-urging-massive-support-flood-victims,
" 1,500               ", Devastated                                , Hospitals/Clinics/Health Centres ,"Nearly 1,500 health facilities have been devastated, greatly hindering the ability to detect and respond to outbreaks.",Pakistan,2022-10-07 17:25:06+00:00,News and Press Release,https://reliefweb.int/report/pakistan/climate-carnage-pakistan-beyond-imagination-secretary-general-tells-general-assembly-urging-massive-support-flood-victims,
----------------------,---------------,------------------,"According to the National Disaster Management Authority (NDMA), 2,000 health facilities, representing 10% of all health facilities in the country have been either damaged or destroyed.",Pakistan,2022-10-05 18:15:46+00:00,Appeal,https://reliefweb.int/report/pakistan/who-emergency-appeal-health-crisis-flood-affected-pakistan-september-2022-may-2023,
"        2,000         ",    Damaged    ,    Hospitals     ,"According to the National Disaster Management Authority (NDMA), 2,000 health facilities, representing 10% of all health facilities in the country have been either damaged or destroyed.",Pakistan,2022-10-05 18:15:46+00:00,Appeal,https://reliefweb.int/report/pakistan/who-emergency-appeal-health-crisis-flood-affected-pakistan-september-2022-may-2023,
"        2,000         ",    Destroyed  ,    Hospitals     ,"According to the National Disaster Management Authority (NDMA), 2,000 health facilities, representing 10% of all health facilities in the country have been either damaged or destroyed.",Pakistan,2022-10-05 18:15:46+00:00,Appeal,https://reliefweb.int/report/pakistan/who-emergency-appeal-health-crisis-flood-affected-pakistan-september-2022-may-2023,
------------------------------,-----------------------------------------,--------------------------------,"According to the assessment conducted jointly by WHO and UN Office for the Coordination of Humanitarian Affairs (UN-OCHA) in mid-September 2022, less than 50% of all people needing health services are currently able to access health facilities.",Pakistan,2022-10-05 18:15:46+00:00,Appeal,https://reliefweb.int/report/pakistan/who-emergency-appeal-health-crisis-flood-affected-pakistan-september-2022-may-2023,
 0                            , N/A                                     , Not mentioned in the text       ,"According to the assessment conducted jointly by WHO and UN Office for the Coordination of Humanitarian Affairs (UN-OCHA) in mid-September 2022, less than 50% of all people needing health services are currently able to access health facilities.",Pakistan,2022-10-05 18:15:46+00:00,Appeal,https://reliefweb.int/report/pakistan/who-emergency-appeal-health-crisis-flood-affected-pakistan-september-2022-may-2023,
 1                            , Damaged                                 , Health facility (not specified) ,"According to the assessment conducted jointly by WHO and UN Office for the Coordination of Humanitarian Affairs (UN-OCHA) in mid-September 2022, less than 50% of all people needing health services are currently able to access health facilities.",Pakistan,2022-10-05 18:15:46+00:00,Appeal,https://reliefweb.int/report/pakistan/who-emergency-appeal-health-crisis-flood-affected-pakistan-september-2022-may-2023,
 1                            , Destroyed                               , Health facility (not specified) ,"According to the assessment conducted jointly by WHO and UN Office for the Coordination of Humanitarian Affairs (UN-OCHA) in mid-September 2022, less than 50% of all people needing health services are currently able to access health facilities.",Pakistan,2022-10-05 18:15:46+00:00,Appeal,https://reliefweb.int/report/pakistan/who-emergency-appeal-health-crisis-flood-affected-pakistan-september-2022-may-2023,
 :----------------: , :-------: , :-------------: ,"More than 1,500 health and support facilities are badly damaged and unable to respond to the growing needs.",Pakistan,2022-10-04 14:57:29+00:00,News and Press Release,https://reliefweb.int/report/pakistan/government-pakistan-and-united-nations-launch-revised-flash-appeal-us-816-million-respond-needs-people-affected-unprecedented-climate-induced-floods,
"       1,500        ",  Damaged  , Not mentioned   ,"More than 1,500 health and support facilities are badly damaged and unable to respond to the growing needs.",Pakistan,2022-10-04 14:57:29+00:00,News and Press Release,https://reliefweb.int/report/pakistan/government-pakistan-and-united-nations-launch-revised-flash-appeal-us-816-million-respond-needs-people-affected-unprecedented-climate-induced-floods,
 --- , --- , --- ,"Estimates indicate that over 2,000 health facilities have been affected by the heavy rains and floods, and the Health Sector reports that access to health facilities, healthcare workers, and essential medicines and medical supplies remain limited.",Pakistan,2022-10-03 18:00:37+00:00,Situation Report,https://reliefweb.int/report/pakistan/pakistan-monsoon-floods-2022-islamic-relief-pakistan-03-october-2022,
" 2,000 ", Affected by heavy rains and floods , Hospitals/Clinics/Health Centres ,"Estimates indicate that over 2,000 health facilities have been affected by the heavy rains and floods, and the Health Sector reports that access to health facilities, healthcare workers, and essential medicines and medical supplies remain limited.",Pakistan,2022-10-03 18:00:37+00:00,Situation Report,https://reliefweb.int/report/pakistan/pakistan-monsoon-floods-2022-islamic-relief-pakistan-03-october-2022,
 --- , --- , --- ,"Around 23,900 schools, 1,460 health facilities and 13,000 km of roads have also reportedly been damaged.",Pakistan,2022-09-28 17:04:47+00:00,Situation Report,https://reliefweb.int/report/pakistan/unicef-pakistan-humanitarian-situation-report-no-4-floods-28-september-2022,
" 23,900 ", Damaged , Schools ,"Around 23,900 schools, 1,460 health facilities and 13,000 km of roads have also reportedly been damaged.",Pakistan,2022-09-28 17:04:47+00:00,Situation Report,https://reliefweb.int/report/pakistan/unicef-pakistan-humanitarian-situation-report-no-4-floods-28-september-2022,
" 1,460 ", Damaged , Health facilities ,"Around 23,900 schools, 1,460 health facilities and 13,000 km of roads have also reportedly been damaged.",Pakistan,2022-09-28 17:04:47+00:00,Situation Report,https://reliefweb.int/report/pakistan/unicef-pakistan-humanitarian-situation-report-no-4-floods-28-september-2022,
" 13,000 ", Damaged , Roads ,"Around 23,900 schools, 1,460 health facilities and 13,000 km of roads have also reportedly been damaged.",Pakistan,2022-09-28 17:04:47+00:00,Situation Report,https://reliefweb.int/report/pakistan/unicef-pakistan-humanitarian-situation-report-no-4-floods-28-september-2022,
---------------------,-----------------------------------------,------------------,"Over 23,900 schools and 1,460 health facilities have been damaged by flooding.",Pakistan,2022-09-28 17:04:47+00:00,Situation Report,https://reliefweb.int/report/pakistan/unicef-pakistan-humanitarian-situation-report-no-4-floods-28-september-2022,
"        23,900       ",               Damaged                    ,     Schools      ,"Over 23,900 schools and 1,460 health facilities have been damaged by flooding.",Pakistan,2022-09-28 17:04:47+00:00,Situation Report,https://reliefweb.int/report/pakistan/unicef-pakistan-humanitarian-situation-report-no-4-floods-28-september-2022,
"         1,460       ",               Damaged                    ,   Health facilities    ,"Over 23,900 schools and 1,460 health facilities have been damaged by flooding.",Pakistan,2022-09-28 17:04:47+00:00,Situation Report,https://reliefweb.int/report/pakistan/unicef-pakistan-humanitarian-situation-report-no-4-floods-28-september-2022,
 --- , --- , --- ,"Estimates indicate that over 2,000 health facilities have been affected by the heavy rains and floods, and the Health Sector reports that access to health facilities, healthcare workers, and essential medicines and medical supplies remain limited.",Pakistan,2022-09-26 17:52:46+00:00,Situation Report,https://reliefweb.int/report/pakistan/islamic-reliefs-pakistan-floods-response-2022-26-september-2022,
" 2,000 ", Affected ," Hospitals, Clinics, Health Centres ","Estimates indicate that over 2,000 health facilities have been affected by the heavy rains and floods, and the Health Sector reports that access to health facilities, healthcare workers, and essential medicines and medical supplies remain limited.",Pakistan,2022-09-26 17:52:46+00:00,Situation Report,https://reliefweb.int/report/pakistan/islamic-reliefs-pakistan-floods-response-2022-26-september-2022,
---------------------,----------------,------------------------,"Around 23,900 schools, 1,460 health facilities and 13,000 km of roads have also reportedly been damaged.",Pakistan,2022-09-24 17:30:18+00:00,Situation Report,https://reliefweb.int/report/pakistan/pakistan-2022-monsoon-floods-situation-report-no-7-23-september-2022,
" 23,900              ", Damaged        , Schools                ,"Around 23,900 schools, 1,460 health facilities and 13,000 km of roads have also reportedly been damaged.",Pakistan,2022-09-24 17:30:18+00:00,Situation Report,https://reliefweb.int/report/pakistan/pakistan-2022-monsoon-floods-situation-report-no-7-23-september-2022,
" 1,460               ", Damaged        , Health facilities      ,"Around 23,900 schools, 1,460 health facilities and 13,000 km of roads have also reportedly been damaged.",Pakistan,2022-09-24 17:30:18+00:00,Situation Report,https://reliefweb.int/report/pakistan/pakistan-2022-monsoon-floods-situation-report-no-7-23-september-2022,
" 13,000              ", Damaged        , Roads                  ,"Around 23,900 schools, 1,460 health facilities and 13,000 km of roads have also reportedly been damaged.",Pakistan,2022-09-24 17:30:18+00:00,Situation Report,https://reliefweb.int/report/pakistan/pakistan-2022-monsoon-floods-situation-report-no-7-23-september-2022,
 --- , --- , --- ,"Assessments indicate that some 1,460 health facilities and their contents are damaged, further limiting people's access to health services, while damage to 349 refrigerators and solar direct drive systems have reportedly resulted in disrupted vaccine cold chains.",Pakistan,2022-09-24 17:30:18+00:00,Situation Report,https://reliefweb.int/report/pakistan/pakistan-2022-monsoon-floods-situation-report-no-7-23-september-2022,
" 1,460 ", Damaged , Health facilities ,"Assessments indicate that some 1,460 health facilities and their contents are damaged, further limiting people's access to health services, while damage to 349 refrigerators and solar direct drive systems have reportedly resulted in disrupted vaccine cold chains.",Pakistan,2022-09-24 17:30:18+00:00,Situation Report,https://reliefweb.int/report/pakistan/pakistan-2022-monsoon-floods-situation-report-no-7-23-september-2022,
 349 , Damaged , Refrigerators and solar direct drive systems ,"Assessments indicate that some 1,460 health facilities and their contents are damaged, further limiting people's access to health services, while damage to 349 refrigerators and solar direct drive systems have reportedly resulted in disrupted vaccine cold chains.",Pakistan,2022-09-24 17:30:18+00:00,Situation Report,https://reliefweb.int/report/pakistan/pakistan-2022-monsoon-floods-situation-report-no-7-23-september-2022,
 --- , --- , --- ,"Estimates indicate that over 2,000 health facilities have been affected by the heavy rains and floods, and the Health Sector reports that access to health facilities, healthcare workers, and essential medicines and medical supplies remain limited.",Pakistan,2022-09-24 15:19:31+00:00,Situation Report,https://reliefweb.int/report/pakistan/pakistan-monsoon-floods-2022-islamic-relief-pakistan-21-september-2022,
" 2,000 ", Affected by heavy rains and floods , Hospitals/Clinics/Health Centres ,"Estimates indicate that over 2,000 health facilities have been affected by the heavy rains and floods, and the Health Sector reports that access to health facilities, healthcare workers, and essential medicines and medical supplies remain limited.",Pakistan,2022-09-24 15:19:31+00:00,Situation Report,https://reliefweb.int/report/pakistan/pakistan-monsoon-floods-2022-islamic-relief-pakistan-21-september-2022,
--------,-----------,-----------------,"Many vulnerable people have been cut off from health centres and hospitals, and supply routes have been upended, as more than 12,000 kilometres of roads and hundreds of bridges linking remote areas to essential services have been obliterated.",Pakistan,2022-09-21 14:02:38+00:00,News and Press Release,https://reliefweb.int/report/pakistan/women-and-girls-pakistan-need-urgent-health-and-protection-services-amid-epic-flood-disaster,
 0 , 0 , Not mentioned ,"Many vulnerable people have been cut off from health centres and hospitals, and supply routes have been upended, as more than 12,000 kilometres of roads and hundreds of bridges linking remote areas to essential services have been obliterated.",Pakistan,2022-09-21 14:02:38+00:00,News and Press Release,https://reliefweb.int/report/pakistan/women-and-girls-pakistan-need-urgent-health-and-protection-services-amid-epic-flood-disaster,
 1000's , Destroyed , Roads and bridges ,"Many vulnerable people have been cut off from health centres and hospitals, and supply routes have been upended, as more than 12,000 kilometres of roads and hundreds of bridges linking remote areas to essential services have been obliterated.",Pakistan,2022-09-21 14:02:38+00:00,News and Press Release,https://reliefweb.int/report/pakistan/women-and-girls-pakistan-need-urgent-health-and-protection-services-amid-epic-flood-disaster,
 Unknown , Damaged ," Hospitals, clinics, health centres ","Many vulnerable people have been cut off from health centres and hospitals, and supply routes have been upended, as more than 12,000 kilometres of roads and hundreds of bridges linking remote areas to essential services have been obliterated.",Pakistan,2022-09-21 14:02:38+00:00,News and Press Release,https://reliefweb.int/report/pakistan/women-and-girls-pakistan-need-urgent-health-and-protection-services-amid-epic-flood-disaster,
 --- , --- , --- ,"As floodwaters slowly recede the sheer scale of damage is being revealed: 23,900 schools damaged, 1460 health facilities damaged, and 12,000 kilometres of roads under water.",Pakistan,2022-09-20 16:59:08+00:00,Situation Report,https://reliefweb.int/report/pakistan/unicef-pakistan-humanitarian-situation-report-no-3-floods-20-september-2022,
" 23,900 ", Damaged , Schools ,"As floodwaters slowly recede the sheer scale of damage is being revealed: 23,900 schools damaged, 1460 health facilities damaged, and 12,000 kilometres of roads under water.",Pakistan,2022-09-20 16:59:08+00:00,Situation Report,https://reliefweb.int/report/pakistan/unicef-pakistan-humanitarian-situation-report-no-3-floods-20-september-2022,
" 1,460 ", Damaged , Health Facilities ,"As floodwaters slowly recede the sheer scale of damage is being revealed: 23,900 schools damaged, 1460 health facilities damaged, and 12,000 kilometres of roads under water.",Pakistan,2022-09-20 16:59:08+00:00,Situation Report,https://reliefweb.int/report/pakistan/unicef-pakistan-humanitarian-situation-report-no-3-floods-20-september-2022,
" 12,000 ", Under Water , Roads ,"As floodwaters slowly recede the sheer scale of damage is being revealed: 23,900 schools damaged, 1460 health facilities damaged, and 12,000 kilometres of roads under water.",Pakistan,2022-09-20 16:59:08+00:00,Situation Report,https://reliefweb.int/report/pakistan/unicef-pakistan-humanitarian-situation-report-no-3-floods-20-september-2022,
--------------------------,-----------------------------,-------------------------,The health infrastructure was also damaged with rapid assessments indicating some 1460 health facilities and their contents are damaged.,Pakistan,2022-09-20 16:59:08+00:00,Situation Report,https://reliefweb.int/report/pakistan/unicef-pakistan-humanitarian-situation-report-no-3-floods-20-september-2022,
           1460          ,          Damaged           ,     Health Facilities     ,The health infrastructure was also damaged with rapid assessments indicating some 1460 health facilities and their contents are damaged.,Pakistan,2022-09-20 16:59:08+00:00,Situation Report,https://reliefweb.int/report/pakistan/unicef-pakistan-humanitarian-situation-report-no-3-floods-20-september-2022,
 --- , --- , --- ,Rapid assessments have revealed extensive damage to the cold chain for vaccines with 349 refrigerators and solar direct drive systems damaged and more being found as the floodwaters recede.,Pakistan,2022-09-20 16:59:08+00:00,Situation Report,https://reliefweb.int/report/pakistan/unicef-pakistan-humanitarian-situation-report-no-3-floods-20-september-2022,
 349 , Damaged , Refrigerators and Solar Direct Drive Systems ,Rapid assessments have revealed extensive damage to the cold chain for vaccines with 349 refrigerators and solar direct drive systems damaged and more being found as the floodwaters recede.,Pakistan,2022-09-20 16:59:08+00:00,Situation Report,https://reliefweb.int/report/pakistan/unicef-pakistan-humanitarian-situation-report-no-3-floods-20-september-2022,
---,---,---,"In addition, 20 health facilities in the vicinity of refugee concentration areas were fully damaged, 32
partially damaged, and 64 schools were fully and 134 partially damaged.",Pakistan,2022-09-19 09:28:58+00:00,Assessment,https://reliefweb.int/report/pakistan/early-need-identification-eni-afghan-refugees-flood-affected-districts-balochistan-and-khyber-paktunkhwa-september-2022,
 20 , Fully Damaged , Health Facilities ,"In addition, 20 health facilities in the vicinity of refugee concentration areas were fully damaged, 32
partially damaged, and 64 schools were fully and 134 partially damaged.",Pakistan,2022-09-19 09:28:58+00:00,Assessment,https://reliefweb.int/report/pakistan/early-need-identification-eni-afghan-refugees-flood-affected-districts-balochistan-and-khyber-paktunkhwa-september-2022,
 32 , Partially Damaged , Health Facilities ,"In addition, 20 health facilities in the vicinity of refugee concentration areas were fully damaged, 32
partially damaged, and 64 schools were fully and 134 partially damaged.",Pakistan,2022-09-19 09:28:58+00:00,Assessment,https://reliefweb.int/report/pakistan/early-need-identification-eni-afghan-refugees-flood-affected-districts-balochistan-and-khyber-paktunkhwa-september-2022,
 64 , Fully Damaged , Schools ,"In addition, 20 health facilities in the vicinity of refugee concentration areas were fully damaged, 32
partially damaged, and 64 schools were fully and 134 partially damaged.",Pakistan,2022-09-19 09:28:58+00:00,Assessment,https://reliefweb.int/report/pakistan/early-need-identification-eni-afghan-refugees-flood-affected-districts-balochistan-and-khyber-paktunkhwa-september-2022,
 134 , Partially Damaged , Schools ,"In addition, 20 health facilities in the vicinity of refugee concentration areas were fully damaged, 32
partially damaged, and 64 schools were fully and 134 partially damaged.",Pakistan,2022-09-19 09:28:58+00:00,Assessment,https://reliefweb.int/report/pakistan/early-need-identification-eni-afghan-refugees-flood-affected-districts-balochistan-and-khyber-paktunkhwa-september-2022,
------------------------------,------------------------------------------,------------------,"Around 212 HFs are out of essential
medical supplies in these districts.",Pakistan,2022-09-19 09:28:58+00:00,Assessment,https://reliefweb.int/report/pakistan/early-need-identification-eni-afghan-refugees-flood-affected-districts-balochistan-and-khyber-paktunkhwa-september-2022,
             212              ,            Out of essential supplies      ,     Health       ,"Around 212 HFs are out of essential
medical supplies in these districts.",Pakistan,2022-09-19 09:28:58+00:00,Assessment,https://reliefweb.int/report/pakistan/early-need-identification-eni-afghan-refugees-flood-affected-districts-balochistan-and-khyber-paktunkhwa-september-2022,
 --- , --- , --- ,"Over 1,460 public health facilities have been damaged, while medicines, medical equipment and vaccines have been destroyed.",Pakistan,2022-09-18 04:33:34+00:00,Situation Report,https://reliefweb.int/report/pakistan/pakistan-2022-monsoon-floods-situation-report-no-6-16-september-2022,
" 1,460 ", Damaged , Hospitals ,"Over 1,460 public health facilities have been damaged, while medicines, medical equipment and vaccines have been destroyed.",Pakistan,2022-09-18 04:33:34+00:00,Situation Report,https://reliefweb.int/report/pakistan/pakistan-2022-monsoon-floods-situation-report-no-6-16-september-2022,
" 1,460 ", Damaged , Clinics ,"Over 1,460 public health facilities have been damaged, while medicines, medical equipment and vaccines have been destroyed.",Pakistan,2022-09-18 04:33:34+00:00,Situation Report,https://reliefweb.int/report/pakistan/pakistan-2022-monsoon-floods-situation-report-no-6-16-september-2022,
" 1,460 ", Damaged , Health Centres ,"Over 1,460 public health facilities have been damaged, while medicines, medical equipment and vaccines have been destroyed.",Pakistan,2022-09-18 04:33:34+00:00,Situation Report,https://reliefweb.int/report/pakistan/pakistan-2022-monsoon-floods-situation-report-no-6-16-september-2022,
---,---,---,"Nearly 2,000 health facilities have been fully or partially damaged.",Pakistan,2022-09-17 15:17:59+00:00,News and Press Release,https://reliefweb.int/report/pakistan/who-director-generals-statement-pakistan-17-september-2022,
 2000 , Fully or Partially Damaged ," Hospitals, Clinics, Health Centers ","Nearly 2,000 health facilities have been fully or partially damaged.",Pakistan,2022-09-17 15:17:59+00:00,News and Press Release,https://reliefweb.int/report/pakistan/who-director-generals-statement-pakistan-17-september-2022,
 :---: , :---: , :---: ,The WHO says that 900 health facilities have been badly damaged.,Pakistan,2022-09-15 09:30:41+00:00,News and Press Release,https://reliefweb.int/report/pakistan/dec-pakistan-floods-appeal-raises-ps25m-two-weeks-rains-return-worst-hit-areas,
 900 , badly damaged , not mentioned ,The WHO says that 900 health facilities have been badly damaged.,Pakistan,2022-09-15 09:30:41+00:00,News and Press Release,https://reliefweb.int/report/pakistan/dec-pakistan-floods-appeal-raises-ps25m-two-weeks-rains-return-worst-hit-areas,
------------------------------,----------------------------------------,------------------,• JS/DA will commence form 12th Sep 22; likely completion by 30th Sep 22 d) KP (17 x Dist; 14 x Dist in 11 C &  3 x Dist in 10 C AOR) • 6 x Teams (1 x PCT & 5 x FSTs) are in KP (11 C AOR).,Pakistan,2022-09-14 01:12:39+00:00,Situation Report,https://reliefweb.int/report/pakistan/ndma-monsoon-2022-daily-situation-report-no-91-dated-12th-sep-2022,
 0                            , 0                                      , Not mentioned    ,• JS/DA will commence form 12th Sep 22; likely completion by 30th Sep 22 d) KP (17 x Dist; 14 x Dist in 11 C &  3 x Dist in 10 C AOR) • 6 x Teams (1 x PCT & 5 x FSTs) are in KP (11 C AOR).,Pakistan,2022-09-14 01:12:39+00:00,Situation Report,https://reliefweb.int/report/pakistan/ndma-monsoon-2022-daily-situation-report-no-91-dated-12th-sep-2022,
 17                           , Damaged                                , Not mentioned    ,• JS/DA will commence form 12th Sep 22; likely completion by 30th Sep 22 d) KP (17 x Dist; 14 x Dist in 11 C &  3 x Dist in 10 C AOR) • 6 x Teams (1 x PCT & 5 x FSTs) are in KP (11 C AOR).,Pakistan,2022-09-14 01:12:39+00:00,Situation Report,https://reliefweb.int/report/pakistan/ndma-monsoon-2022-daily-situation-report-no-91-dated-12th-sep-2022,
 14                           , Destroyed                              , Not mentioned    ,• JS/DA will commence form 12th Sep 22; likely completion by 30th Sep 22 d) KP (17 x Dist; 14 x Dist in 11 C &  3 x Dist in 10 C AOR) • 6 x Teams (1 x PCT & 5 x FSTs) are in KP (11 C AOR).,Pakistan,2022-09-14 01:12:39+00:00,Situation Report,https://reliefweb.int/report/pakistan/ndma-monsoon-2022-daily-situation-report-no-91-dated-12th-sep-2022,
 3                            , Not specified                          , Not mentioned    ,• JS/DA will commence form 12th Sep 22; likely completion by 30th Sep 22 d) KP (17 x Dist; 14 x Dist in 11 C &  3 x Dist in 10 C AOR) • 6 x Teams (1 x PCT & 5 x FSTs) are in KP (11 C AOR).,Pakistan,2022-09-14 01:12:39+00:00,Situation Report,https://reliefweb.int/report/pakistan/ndma-monsoon-2022-daily-situation-report-no-91-dated-12th-sep-2022,
 1                            , Damaged                                , Hospitals        ,• JS/DA will commence form 12th Sep 22; likely completion by 30th Sep 22 d) KP (17 x Dist; 14 x Dist in 11 C &  3 x Dist in 10 C AOR) • 6 x Teams (1 x PCT & 5 x FSTs) are in KP (11 C AOR).,Pakistan,2022-09-14 01:12:39+00:00,Situation Report,https://reliefweb.int/report/pakistan/ndma-monsoon-2022-daily-situation-report-no-91-dated-12th-sep-2022,
 5                            , Not specified                          , Health centers   ,• JS/DA will commence form 12th Sep 22; likely completion by 30th Sep 22 d) KP (17 x Dist; 14 x Dist in 11 C &  3 x Dist in 10 C AOR) • 6 x Teams (1 x PCT & 5 x FSTs) are in KP (11 C AOR).,Pakistan,2022-09-14 01:12:39+00:00,Situation Report,https://reliefweb.int/report/pakistan/ndma-monsoon-2022-daily-situation-report-no-91-dated-12th-sep-2022,
 0                            , Not mentioned                          , Clinics          ,• JS/DA will commence form 12th Sep 22; likely completion by 30th Sep 22 d) KP (17 x Dist; 14 x Dist in 11 C &  3 x Dist in 10 C AOR) • 6 x Teams (1 x PCT & 5 x FSTs) are in KP (11 C AOR).,Pakistan,2022-09-14 01:12:39+00:00,Situation Report,https://reliefweb.int/report/pakistan/ndma-monsoon-2022-daily-situation-report-no-91-dated-12th-sep-2022,
------------------------------,------------------------------------------,------------------, JS/DA will commence form 12th Sep 22; likely completion by 30th Sep 22 d) KP (17 x Dist; 14 x Dist in 11 C &  3 x Dist in 10 C AOR)  6 x Teams (1 x PCT & 5 x FSTs) are in KP (11 C AOR).,Pakistan,2022-09-14 01:17:44+00:00,Situation Report,https://reliefweb.int/report/pakistan/ndma-monsoon-2022-daily-situation-report-no-92-dated-13th-sep-2022,
             0                ,                   N/A                    ,       N/A        , JS/DA will commence form 12th Sep 22; likely completion by 30th Sep 22 d) KP (17 x Dist; 14 x Dist in 11 C &  3 x Dist in 10 C AOR)  6 x Teams (1 x PCT & 5 x FSTs) are in KP (11 C AOR).,Pakistan,2022-09-14 01:17:44+00:00,Situation Report,https://reliefweb.int/report/pakistan/ndma-monsoon-2022-daily-situation-report-no-92-dated-13th-sep-2022,
:-----------:,:-------------:,:----------------:,Around 80% to 90% of HFs in flood-affected areas were without basic medical supplies.,Pakistan,2022-09-13 08:05:29+00:00,Assessment,https://reliefweb.int/report/pakistan/early-need-identification-eni-report-khyber-pakhtunkhwa-districts-nowshera-charsadda-swat-tank-and-di-khan-september-07-2022,
     0-100   ,  No supplies  ,      Health      ,Around 80% to 90% of HFs in flood-affected areas were without basic medical supplies.,Pakistan,2022-09-13 08:05:29+00:00,Assessment,https://reliefweb.int/report/pakistan/early-need-identification-eni-report-khyber-pakhtunkhwa-districts-nowshera-charsadda-swat-tank-and-di-khan-september-07-2022,
--------------------------,---------------------------------------,------------------------,"However, the KIIs with government staff informed that 66% of health facilities do not have the needed supplies.",Pakistan,2022-09-13 08:05:29+00:00,Assessment,https://reliefweb.int/report/pakistan/early-need-identification-eni-report-khyber-pakhtunkhwa-districts-nowshera-charsadda-swat-tank-and-di-khan-september-07-2022,
 0                        , N/A                                   , Not Mentioned          ,"However, the KIIs with government staff informed that 66% of health facilities do not have the needed supplies.",Pakistan,2022-09-13 08:05:29+00:00,Assessment,https://reliefweb.int/report/pakistan/early-need-identification-eni-report-khyber-pakhtunkhwa-districts-nowshera-charsadda-swat-tank-and-di-khan-september-07-2022,
 66                       , Supplies Needed                       , Health Facilities      ,"However, the KIIs with government staff informed that 66% of health facilities do not have the needed supplies.",Pakistan,2022-09-13 08:05:29+00:00,Assessment,https://reliefweb.int/report/pakistan/early-need-identification-eni-report-khyber-pakhtunkhwa-districts-nowshera-charsadda-swat-tank-and-di-khan-september-07-2022,
 --- , --- , --- ,"Estimates indicate that over 1,460 health facilities have been affected by the heavy rains and floods, and the Health Sector reports that access to health facilities, healthcare workers, and essential medicines and medical supplies remain limited.",Pakistan,2022-09-09 12:17:45+00:00,Situation Report,https://reliefweb.int/report/pakistan/pakistan-2022-monsoon-floods-situation-report-no-5-9-september-2022,
" 1,460 ", Affected by heavy rains and floods ," Hospitals, clinics, health centers, not mentioned ","Estimates indicate that over 1,460 health facilities have been affected by the heavy rains and floods, and the Health Sector reports that access to health facilities, healthcare workers, and essential medicines and medical supplies remain limited.",Pakistan,2022-09-09 12:17:45+00:00,Situation Report,https://reliefweb.int/report/pakistan/pakistan-2022-monsoon-floods-situation-report-no-5-9-september-2022,
------------------------------,-----------------------------------------,------------------,"Overall, 97% of community Key Informants and 67% of government and NGOs respondents reported that availability of health staff and services are inadequate, while only 3% from community key informants and 22% from government key informants shared that these are at basic levels.",Pakistan,2022-09-06 10:28:59+00:00,Assessment,https://reliefweb.int/report/pakistan/early-needs-identification-flood-disaster-sindh-pakistan,
              N/A             ,                   N/A                   ,   Hospitals      ,"Overall, 97% of community Key Informants and 67% of government and NGOs respondents reported that availability of health staff and services are inadequate, while only 3% from community key informants and 22% from government key informants shared that these are at basic levels.",Pakistan,2022-09-06 10:28:59+00:00,Assessment,https://reliefweb.int/report/pakistan/early-needs-identification-flood-disaster-sindh-pakistan,
              N/A             ,                   N/A                   ,    Clinics       ,"Overall, 97% of community Key Informants and 67% of government and NGOs respondents reported that availability of health staff and services are inadequate, while only 3% from community key informants and 22% from government key informants shared that these are at basic levels.",Pakistan,2022-09-06 10:28:59+00:00,Assessment,https://reliefweb.int/report/pakistan/early-needs-identification-flood-disaster-sindh-pakistan,
              N/A             ,              Damaged/Destroyed           ,   Health centres ,"Overall, 97% of community Key Informants and 67% of government and NGOs respondents reported that availability of health staff and services are inadequate, while only 3% from community key informants and 22% from government key informants shared that these are at basic levels.",Pakistan,2022-09-06 10:28:59+00:00,Assessment,https://reliefweb.int/report/pakistan/early-needs-identification-flood-disaster-sindh-pakistan,
              N/A             ,                   N/A                   ,  Not mentioned   ,"Overall, 97% of community Key Informants and 67% of government and NGOs respondents reported that availability of health staff and services are inadequate, while only 3% from community key informants and 22% from government key informants shared that these are at basic levels.",Pakistan,2022-09-06 10:28:59+00:00,Assessment,https://reliefweb.int/report/pakistan/early-needs-identification-flood-disaster-sindh-pakistan,
 :---: , :---: , :---: ,"• Over 1460 health facilities affected, of which 432 fully damaged and 1,028 partially damaged.",Pakistan,2022-09-05 09:24:00+00:00,Situation Report,https://reliefweb.int/report/pakistan/who-pakistan-floods-situation-report-issue-2-3-september-2022,
 432 , Fully damaged , Hospitals/Clinics/Health Centers ,"• Over 1460 health facilities affected, of which 432 fully damaged and 1,028 partially damaged.",Pakistan,2022-09-05 09:24:00+00:00,Situation Report,https://reliefweb.int/report/pakistan/who-pakistan-floods-situation-report-issue-2-3-september-2022,
" 1,028 ", Partially damaged , Hospitals/Clinics/Health Centers ,"• Over 1460 health facilities affected, of which 432 fully damaged and 1,028 partially damaged.",Pakistan,2022-09-05 09:24:00+00:00,Situation Report,https://reliefweb.int/report/pakistan/who-pakistan-floods-situation-report-issue-2-3-september-2022,
 1460 , Total , Hospitals/Clinics/Health Centers ,"• Over 1460 health facilities affected, of which 432 fully damaged and 1,028 partially damaged.",Pakistan,2022-09-05 09:24:00+00:00,Situation Report,https://reliefweb.int/report/pakistan/who-pakistan-floods-situation-report-issue-2-3-september-2022,
 ------------------ , ---------------------------- , ---------------- ,"Health facilities and schools have also been affected, including many being occupied by families as 3m people are reported displaced.",Pakistan,2022-09-03 07:56:36+00:00,News and Press Release,https://reliefweb.int/report/pakistan/flash-appeal-support-pakistan-flood-response,
          1         ,          not mentioned        ,      schools     ,"Health facilities and schools have also been affected, including many being occupied by families as 3m people are reported displaced.",Pakistan,2022-09-03 07:56:36+00:00,News and Press Release,https://reliefweb.int/report/pakistan/flash-appeal-support-pakistan-flood-response,
          -         ,               -              ,    hospitals     ,"Health facilities and schools have also been affected, including many being occupied by families as 3m people are reported displaced.",Pakistan,2022-09-03 07:56:36+00:00,News and Press Release,https://reliefweb.int/report/pakistan/flash-appeal-support-pakistan-flood-response,
          -         ,               -              ,  clinics/health centers ,"Health facilities and schools have also been affected, including many being occupied by families as 3m people are reported displaced.",Pakistan,2022-09-03 07:56:36+00:00,News and Press Release,https://reliefweb.int/report/pakistan/flash-appeal-support-pakistan-flood-response,
         many       ,          not mentioned        ,      unknown     ,"Health facilities and schools have also been affected, including many being occupied by families as 3m people are reported displaced.",Pakistan,2022-09-03 07:56:36+00:00,News and Press Release,https://reliefweb.int/report/pakistan/flash-appeal-support-pakistan-flood-response,
------------------------,-----------------,----------------------,"As 28 August 2022, 888 health facilities have been damaged in the country of which 180 of them are completely damaged.",Pakistan,2022-08-31 08:16:25+00:00,Situation Report,https://reliefweb.int/report/pakistan/who-pakistan-floods-situation-report-issue-1-30-august-2022,
           888                 ,     Damaged         ,     Health Facilities     ,"As 28 August 2022, 888 health facilities have been damaged in the country of which 180 of them are completely damaged.",Pakistan,2022-08-31 08:16:25+00:00,Situation Report,https://reliefweb.int/report/pakistan/who-pakistan-floods-situation-report-issue-1-30-august-2022,
           180                 ,     Destroyed      ,     Health Facilities     ,"As 28 August 2022, 888 health facilities have been damaged in the country of which 180 of them are completely damaged.",Pakistan,2022-08-31 08:16:25+00:00,Situation Report,https://reliefweb.int/report/pakistan/who-pakistan-floods-situation-report-issue-1-30-august-2022,
------------------------------,--------------------------------,------------------,"The floods have created a humanitarian crisis, with more than 1,000 people killed and widespread destruction of homes, roads, schools, health facilities and other critical infrastructure.",Pakistan,2022-08-31 13:33:49+00:00,News and Press Release,https://reliefweb.int/report/pakistan/women-and-girls-most-risk-pakistan-floods-create-humanitarian-crisis-warns-care,
"              1,000           ",          Destroyed             ,"  Homes, roads, schools, health facilities and other critical infrastructure. ","The floods have created a humanitarian crisis, with more than 1,000 people killed and widespread destruction of homes, roads, schools, health facilities and other critical infrastructure.",Pakistan,2022-08-31 13:33:49+00:00,News and Press Release,https://reliefweb.int/report/pakistan/women-and-girls-most-risk-pakistan-floods-create-humanitarian-crisis-warns-care,
 :---: , :---: , :---: ,"Around 888 health facilities have been damaged in the country, of which 180 are completely damaged, leaving millions of people lacking access to health care and medical treatment, as reported in many affected districts.",Pakistan,2022-08-30 15:37:53+00:00,News and Press Release,https://reliefweb.int/report/pakistan/major-health-risks-unfolding-amid-floods-pakistan,
 888 , Damaged ," Hospitals, Clinics, Health Centres ","Around 888 health facilities have been damaged in the country, of which 180 are completely damaged, leaving millions of people lacking access to health care and medical treatment, as reported in many affected districts.",Pakistan,2022-08-30 15:37:53+00:00,News and Press Release,https://reliefweb.int/report/pakistan/major-health-risks-unfolding-amid-floods-pakistan,
 180 , Destroyed ," Hospitals, Clinics, Health Centres ","Around 888 health facilities have been damaged in the country, of which 180 are completely damaged, leaving millions of people lacking access to health care and medical treatment, as reported in many affected districts.",Pakistan,2022-08-30 15:37:53+00:00,News and Press Release,https://reliefweb.int/report/pakistan/major-health-risks-unfolding-amid-floods-pakistan,
--------------------,--------------------,-----------------,"Due to heavy rains, wall of mosque collapsed causing 3 x Deaths and 19 x Injuries.",Pakistan,2022-08-01 03:04:53+00:00,Situation Report,https://reliefweb.int/report/pakistan/ndma-monsoon-2022-daily-situation-report-no-046-1300-hrs-29th-july-2022-1300-hrs-30th-july-2022,
          1         ,    Damaged         ,   Mosque.        ,"Due to heavy rains, wall of mosque collapsed causing 3 x Deaths and 19 x Injuries.",Pakistan,2022-08-01 03:04:53+00:00,Situation Report,https://reliefweb.int/report/pakistan/ndma-monsoon-2022-daily-situation-report-no-046-1300-hrs-29th-july-2022-1300-hrs-30th-july-2022,
                    ," 3 Deaths, 19 Injured",                  ,"Due to heavy rains, wall of mosque collapsed causing 3 x Deaths and 19 x Injuries.",Pakistan,2022-08-01 03:04:53+00:00,Situation Report,https://reliefweb.int/report/pakistan/ndma-monsoon-2022-daily-situation-report-no-046-1300-hrs-29th-july-2022-1300-hrs-30th-july-2022,
